statement,alternative_a,alternative_b,alternative_c,alternative_d,alternative_e,correct_answer,position,board,contest,subject,topic,year,explanation,organization,exam,page,question,references,keywords,status,package,package_version
"O primeiro parágrafo do texto, que serve de introdução, tem a finalidade básica de","resumir o texto que aparece a seguir, consubstanciado num só parágrafo.","indicar, de forma geral, o conteúdo de todo o livro cujo título é dado logo ao início do parágrafo.",mostrar previamente as injustiças de que o padre Antônio Vieira foi vítima no processo da Inquisição.,"demonstrar a inconsistência das acusações de que o padre Antônio Vieira foi alvo, antecipando sua defesa.",informar aos leitores a situação de prisioneiro do autor do texto a fim de angariar simpatias pelo que vai ser dito.,B,enfermeiro,fgv,concurso-publico-ebserh-assistencial-edital-3-2024,portugues,interpretacao-de-texto,2025,"O paragrafo abre citando o titulo completo da obra defendida (""QUINTO IMPERIO"") e resume, de forma ampla, do que trata o livro - funcao introdutoria de carater informativo sobre o conteudo geral da obra, nao de antecipar a defesa ponto a ponto.",Empresa Brasileira de Serviços Hospitalares (EBSERH),Concurso Público EBSERH Edital 03/2024 — Enfermeiro (Grupo Enfermagem),,1,,,ACTIVE,banco-de-questoes-enfermagem,1.0
Podemos inferir algumas informações de outras que são dadas no texto. Assinale a única inferência a seguir que se mostra inadequada.,“respostas das proposições censuradas pelos senhores inquisidores” / já tinha ocorrido um julgamento negativo pela Inquisição sobre proposições do padre Antônio Vieira.,“estando recluso nos cárceres do Santo Ofício de Coimbra” / o processo de que é alvo o padre Antônio Vieira é de cunho religioso.,“...e porque a última doença (de que estou mal convalescido) me não deixou com forças nem alento para poder falar em público” / outras doenças já haviam acometido o padre Antônio Vieira.,"“Protesto pois do modo que me é possível, diante desses senhores” / as condições de estar preso impedem uma melhor defesa no processo por parte do padre Antônio Vieira.",“antes disso queriam ouvir de mim tudo o que tivesse que dizer ou alegar para bem dela” / o processo está ainda na fase inicial.,D,enfermeiro,fgv,concurso-publico-ebserh-assistencial-edital-3-2024,portugues,interpretacao-de-texto,2025,"O trecho ""do modo que me e possivel"" expressa a limitacao de se defender apenas por escrito, por nao poder falar em publico devido a doenca - nao uma limitacao decorrente do carcere em si; atribuir a limitacao as condicoes de prisao extrapola o que o texto afirma, tornando essa a inferencia inadequada.",Empresa Brasileira de Serviços Hospitalares (EBSERH),Concurso Público EBSERH Edital 03/2024 — Enfermeiro (Grupo Enfermagem),,2,,,ACTIVE,banco-de-questoes-enfermagem,1.0
"Observe o seguinte fragmento textual, primeiras palavras do padre Antônio Vieira diante das acusações da Inquisição: Sendo ontem chamado à mesa, me foi dito que estavam nela os senhores inquisidores para sentenciarem a minha causa, e que antes disso queriam ouvir de mim tudo o que tivesse que dizer ou alegar para bem dela; e porque a última doença (de que estou mal convalescido) me não deixou com forças nem alento para poder falar em público, pedi licença para falar por papel, que me foi concedida. Nesse fragmento estão sublinhados cinco termos, na ordem de aparecimento no texto, que se referem coesivamente a termos anteriores. Assinale a opção em que o termo anterior foi mal identificado.",nela – mesa.,disso – sentenciarem a minha causa.,dela – a minha causa.,que – última doença.,que – falar em público.,E,enfermeiro,fgv,concurso-publico-ebserh-assistencial-edital-3-2024,portugues,coesao-e-conectivos,2025,"O quinto termo sublinhado, ""que"" (em ""que me foi concedida""), retoma ""licenca para falar por papel"", nao a expressao ""falar em publico"" - a opcao E atribui a esse pronome um referente que nao corresponde ao antecedente real no texto.",Empresa Brasileira de Serviços Hospitalares (EBSERH),Concurso Público EBSERH Edital 03/2024 — Enfermeiro (Grupo Enfermagem),,3,,,ACTIVE,banco-de-questoes-enfermagem,1.0
"Sendo ontem chamado à mesa, me foi dito que estavam nela os senhores inquisidores para sentenciarem a minha causa... O advérbio “ontem” se refere",ao dia anterior da escritura do texto.,à véspera da leitura do texto.,ao dia que precede a sentença da causa.,ao dia que vem antes da prisão do religioso.,à véspera da decisão de escrever o livro.,A,enfermeiro,fgv,concurso-publico-ebserh-assistencial-edital-3-2024,portugues,semantica-e-vocabulario,2025,"O texto e a propria defesa escrita entregue por Vieira apos ser chamado a mesa; ""ontem"" remete, portanto, ao dia anterior ao da redacao desse documento de defesa, nao a uma data futura ou a marcos posteriores do processo.",Empresa Brasileira de Serviços Hospitalares (EBSERH),Concurso Público EBSERH Edital 03/2024 — Enfermeiro (Grupo Enfermagem),,4,,,ACTIVE,banco-de-questoes-enfermagem,1.0
A oração reduzida “para sentenciarem a minha causa” poderia ser corretamente substituída pela seguinte oração desenvolvida:,para que sentenciassem a minha causa.,para a sentença da minha causa.,para que sentenciem a minha causa.,para que seja sentenciada a minha causa.,para que a sentença da minha causa seja dada.,A,enfermeiro,fgv,concurso-publico-ebserh-assistencial-edital-3-2024,portugues,sintaxe,2025,"""Para sentenciarem"" e oracao reduzida de infinitivo com sujeito proprio; sua forma desenvolvida correspondente usa o subjuntivo preterito imperfeito: ""para que sentenciassem"".",Empresa Brasileira de Serviços Hospitalares (EBSERH),Concurso Público EBSERH Edital 03/2024 — Enfermeiro (Grupo Enfermagem),,5,,,ACTIVE,banco-de-questoes-enfermagem,1.0
"A forma adequada de reescrever-se a frase “me não deixou com forças nem alento”, com a retirada do advérbio “não”, mantendose o sentido original, é:",me deixou sem forças nem sem alento.,me deixou enfraquecido e com dificuldades respiratórias.,me deixou pálido e desanimado.,me deixou abatido e sem coragem.,me deixou fraco e desalentado.,E,enfermeiro,fgv,concurso-publico-ebserh-assistencial-edital-3-2024,portugues,sintaxe,2025,"Retirando o adverbio ""nao"" e mantendo o sentido original (de fraqueza/desanimo), a parafrase correta e ""me deixou fraco e desalentado"", sinonima da ideia negada no texto original.",Empresa Brasileira de Serviços Hospitalares (EBSERH),Concurso Público EBSERH Edital 03/2024 — Enfermeiro (Grupo Enfermagem),,6,,,ACTIVE,banco-de-questoes-enfermagem,1.0
"Nesse fragmento textual, os argumentos são apoiados por",opinião pessoal do autor do texto.,testemunhos de autoridades pertinentes.,composição de material inédito.,raciocínio lógico de base indutiva.,tradição do produto anunciado.,B,enfermeiro,fgv,concurso-publico-ebserh-assistencial-edital-3-2024,portugues,generos-e-tipologia-textual,2025,"O texto publicitario apoia-se em estudos clinicos (""os estudos clinicos provaram"") e composicao diferenciada, argumento por autoridade/testemunho tecnico, nao em opiniao pessoal ou tradicao do produto.",Empresa Brasileira de Serviços Hospitalares (EBSERH),Concurso Público EBSERH Edital 03/2024 — Enfermeiro (Grupo Enfermagem),,7,,,ACTIVE,banco-de-questoes-enfermagem,1.0
"Se trocarmos o verbo “esquecer” da primeira frase por sua forma pronominal “esquecer-se”, a forma correta da nova frase será:",Esquecemo-nos frequentemente de que gengivas saudáveis constituem a base para dentes saudáveis.,Nos esquecemos frequentemente que gengivas saudáveis constituem a base para dentes saudáveis.,Esquecemo-nos frequentemente que gengivas saudáveis constituem a base para dentes saudáveis.,Esquecemos-nos frequentemente de que gengivas saudáveis constituem a base para dentes saudáveis.,Nos esquecemos frequentemente de que gengivas saudáveis constituem a base para dentes saudáveis.,A,enfermeiro,fgv,concurso-publico-ebserh-assistencial-edital-3-2024,portugues,sintaxe,2025,"A forma pronominal correta com regencia da preposicao ""de"" exigida por ""esquecer-se de"" e ""Esquecemo-nos frequentemente de que..."", com a proclise/enclise adequada e a regencia preservada.",Empresa Brasileira de Serviços Hospitalares (EBSERH),Concurso Público EBSERH Edital 03/2024 — Enfermeiro (Grupo Enfermagem),,8,,,ACTIVE,banco-de-questoes-enfermagem,1.0
A parte final do texto diz: Gengivas naturalmente fortes. Dentes naturalmente fortes. Assinale a opção que apresenta a relação lógica correta entre essas frases.,A primeira frase é consequência da segunda.,As duas frases são logicamente independentes.,A segunda frase é condição da primeira.,A primeira frase é causa da segunda.,A segunda frase é explicação da primeira.,D,enfermeiro,fgv,concurso-publico-ebserh-assistencial-edital-3-2024,portugues,coesao-e-conectivos,2025,"""Gengivas fortes"" e indicada como resultado do uso do produto, e ""dentes fortes"" decorre dessa mesma causa; a relacao logica apontada como correta e a de causa e consequencia entre as frases.",Empresa Brasileira de Serviços Hospitalares (EBSERH),Concurso Público EBSERH Edital 03/2024 — Enfermeiro (Grupo Enfermagem),,9,,,ACTIVE,banco-de-questoes-enfermagem,1.0
“Esquecemos frequentemente que gengivas saudáveis constituem a base para dentes saudáveis”; nessa frase há a repetição de um adjetivo (saudáveis) com o mesmo sentido. A frase abaixo em que os adjetivos repetidos mostram sentidos diferentes é:,"Existe apenas um momento exato para ir pescar, e esse momento exato é sempre que você puder.",Nada que foi dito já não foi dito antes.,O homem inteligente é o que nunca confunde os inteligentes pontos de vista.,Não há nenhum médico competente que seja absolutamente competente.,"Sabão e educação não agem tão rápido a longo prazo, mas são igualmente eficientes num prazo longo.",C,enfermeiro,fgv,concurso-publico-ebserh-assistencial-edital-3-2024,portugues,semantica-e-vocabulario,2025,"Nas demais opcoes, o adjetivo repetido mantem o mesmo sentido (redundancia); em ""inteligente""/""inteligentes pontos de vista"", os sentidos divergem (pessoa perspicaz x pontos de vista sofisticados/complexos).",Empresa Brasileira de Serviços Hospitalares (EBSERH),Concurso Público EBSERH Edital 03/2024 — Enfermeiro (Grupo Enfermagem),,10,,,ACTIVE,banco-de-questoes-enfermagem,1.0
"A Empresa Brasileira de Serviços Hospitalares (Ebserh) é uma empresa pública vinculada ao Ministério da Educação, criada pela Lei Federal nº 12.550/2011. A respeito de suas finalidades, analise as afirmativas a seguir e assinale (V) para a verdadeira e (F) para a falsa. ( ) Oferecer suporte ao Sistema Único de Saúde (SUS): a empresa contribui para o atendimento da população por meio dos hospitais universitários. ( ) Administrar hospitais universitários federais: a Ebserh gerencia e aprimora a infraestrutura e os serviços dos hospitais vinculados às universidades federais que estabeleceram contrato com ela. ( ) Apoiar o ensino e a pesquisa: a empresa valoriza e ampara o ensino-aprendizagem e a formação de pessoas no campo da saúde pública em instituições federais de ensino superior e em instituições congêneres. As afirmativas são, respectivamente,",V – F – V.,F – V – V.,V – V – F.,V – F – F.,V – V – V.,E,enfermeiro,fgv,concurso-publico-ebserh-assistencial-edital-3-2024,legislacao-aplicada-a-ebserh,lei-12550-2011,2025,"As tres finalidades descritas - apoio ao SUS, gestao de hospitais universitarios federais e apoio ao ensino/pesquisa - correspondem, cada uma, a atribuicoes efetivamente previstas para a Ebserh na Lei 12.550/2011, sendo todas verdadeiras.",Empresa Brasileira de Serviços Hospitalares (EBSERH),Concurso Público EBSERH Edital 03/2024 — Enfermeiro (Grupo Enfermagem),,11,,,ACTIVE,banco-de-questoes-enfermagem,1.0
"Segundo o Regimento Interno da Ebserh, a estrutura organizacional da empresa conta com Colegiados Internos, que têm a função de atender a necessidades que não possam ser resolvidas isoladamente pelas áreas organizacionais. Os Colegiados Internos são classificados em função de sua duração e atribuição, como nos exemplos a seguir. I. É de duração perene, atua de forma consultiva no nível tático, composto por profissionais de referência na área de atuação, analisando detalhadamente temas específicos e de grande amplitude, como padronizações técnicas e definições de melhores práticas. II. É de duração temporária, atua de forma consultiva ou executiva no nível técnico operacional, na execução de ações ou projetos específicos, com prazo preestabelecido, propondo soluções para problemas determinados ou executando ações transversais que envolvam mais de uma área organizacional. Os trechos I e II se referem, respectivamente, aos Colegiados Internos organizados sob a forma de",Comissão e Escritório.,Comitê e Centro de Competência.,Centro de Competência e Comissão.,Câmara Técnica e Grupo de Trabalho.,Núcleo Técnico Operacional e Comitê.,D,enfermeiro,fgv,concurso-publico-ebserh-assistencial-edital-3-2024,legislacao-aplicada-a-ebserh,regimento-interno-da-administracao-central,2025,"O trecho I descreve um colegiado permanente e consultivo dedicado a padronizacoes tecnicas, perfil da Camara Tecnica; o trecho II descreve um colegiado temporario, criado para executar um projeto com prazo definido, perfil do Grupo de Trabalho.",Empresa Brasileira de Serviços Hospitalares (EBSERH),Concurso Público EBSERH Edital 03/2024 — Enfermeiro (Grupo Enfermagem),,12,,,ACTIVE,banco-de-questoes-enfermagem,1.0
"A Lei nº 12.550/2011 e o Regulamento de Pessoal da Empresa Brasileira de Serviços Hospitalares (Ebserh) disponibilizam normativas a respeito dos integrantes do quadro de pessoal da Empresa. Considerando as normas citadas, é correto afirmar que a Ebserh está autorizada a","admitir profissional qualificado para realização de serviços técnicos especializados, por meio de indicação.","recrutar terceirizados para funções gratificadas em unidades hospitalares, mediante processo seletivo simplificado.","selecionar pessoal técnico e administrativo por tempo indeterminado, mediante concurso público.","contratar empregados temporários, observado o prazo máximo de seis anos, mediante prestação de serviços.","obter servidores titulares de cargo efetivo em exercício em instituição federal de ensino que possui contrato com a Empresa, mediante solicitação de cessão.",C,enfermeiro,fgv,concurso-publico-ebserh-assistencial-edital-3-2024,legislacao-aplicada-a-ebserh,regulamento-de-pessoal-da-ebserh,2025,"O Regulamento de Pessoal da Ebserh preve a selecao de pessoal por concurso publico para cargos de tempo indeterminado, vedando contratacoes por indicacao ou processos simplificados fora dessa regra.",Empresa Brasileira de Serviços Hospitalares (EBSERH),Concurso Público EBSERH Edital 03/2024 — Enfermeiro (Grupo Enfermagem),,13,,,ACTIVE,banco-de-questoes-enfermagem,1.0
"A partir da sua criação, a Ebserh passou a ser a responsável pela gestão de hospitais universitários federais, finalidade planejada e implementada mediante o Conselho de Administração, um dos seus principais órgãos administrativos. Segundo o Estatuto Social da Ebserh, o Conselho de Administração é um órgão colegiado composto por nove membros. A respeito desses membros, assinale a afirmativa correta.","Um membro é o Presidente da Empresa, que ocupa a presidência executiva do conselho.","Um membro é indicado pelo Ministro da Gestão e da Inovação em Serviços Público, sendo obrigatoriamente diretor de hospital universitário federal.","Três membros são indicados pelo Ministro da Educação, dos quais um será o Presidente do Conselho e outro, o substituto em suas ausências e seus impedimentos.","Um membro é reitor de universidade federal, eleito para o cargo pela Associação Nacional dos Docentes das Instituições Federais de Ensino Superior.","Dois membros são representantes dos empregados, eleitos para participar das deliberações sobre assuntos que envolvam relações sindicais, remuneração e questões de previdência.",C,enfermeiro,fgv,concurso-publico-ebserh-assistencial-edital-3-2024,legislacao-aplicada-a-ebserh,estatuto-da-ebserh,2025,"O Estatuto Social preve que tres dos nove membros do Conselho de Administracao sao indicados pelo Ministro da Educacao, um deles assumindo a presidencia do colegiado e outro a suplencia.",Empresa Brasileira de Serviços Hospitalares (EBSERH),Concurso Público EBSERH Edital 03/2024 — Enfermeiro (Grupo Enfermagem),,14,,,ACTIVE,banco-de-questoes-enfermagem,1.0
"A Comissão de Ética da Ebserh (CEE) está encarregada de orientar e aconselhar sobre as questões éticas dos colaboradores da instituição, no tratamento com as pessoas e com o patrimônio público. A CEE é um órgão autônomo, de caráter","deliberativo, cabendo-lhe deliberar sobre condutas antiéticas e sobre as transgressões das normas da Ebserh levadas ao seu conhecimento.","consultivo, sendo de sua alçada o controle social e o apoio à Diretoria Executiva e ao Conselho de Administração na aplicação de eventuais medidas disciplinares.","fiscalizador, cabendo-lhe inspecionar o cumprimento do limite de participação da empresa no custeio dos benefícios de assistência à saúde e de previdência complementar.","orientador, pertencendo-lhe assessorar o Conselho de Administração nos processos de indicação, avaliação e remuneração dos administradores, conselheiros fiscais e demais membros de órgãos estatutários.","assessorial, sendo de sua responsabilidade monitorar exposições de risco da Ebserh, podendo requerer, entre outras, informações detalhadas sobre políticas e procedimentos considerados impróprios.",A,enfermeiro,fgv,concurso-publico-ebserh-assistencial-edital-3-2024,legislacao-aplicada-a-ebserh,codigo-de-etica-e-conduta-da-ebserh,2025,"Segundo as normas internas da Ebserh, a Comissao de Etica e orgao autonomo de carater deliberativo, cabendo-lhe efetivamente decidir sobre condutas antieticas e transgressoes das normas da Ebserh levadas ao seu conhecimento.",Empresa Brasileira de Serviços Hospitalares (EBSERH),Concurso Público EBSERH Edital 03/2024 — Enfermeiro (Grupo Enfermagem),,15,,,ACTIVE,banco-de-questoes-enfermagem,1.0
"O controle social democrático das políticas de saúde no Brasil se dá, sobretudo, no âmbito dos Conselhos de Saúde e das Conferências de Saúde. Assinale a opção correta no que diz respeito às características e atribuições desses espaços.","Os Conselhos de Saúde são organizados de maneira centralizada, respondendo diretamente às determinações do governo via Conselho Nacional de Saúde.","As Conferências de Saúde ocorrem com regularidade anual no nível nacional, abordando temas determinados em cada evento do ano anterior.","Os Conselhos de Saúde são órgãos colegiados e permanentes, responsáveis diretamente pela execução dos serviços de saúde no território nacional.","As Conferências de Saúde municipais e estaduais ocorrem como etapas prévias da Conferência Nacional, aprovando propostas a serem discutidas nesta.","Os Conselhos de Saúde estão distribuídos nos níveis federal, estadual e municipal, funcionando de maneira subordinada ao executivo de cada unidade administrativa.",D,enfermeiro,fgv,concurso-publico-ebserh-assistencial-edital-3-2024,legislacao-do-sus,resolucao-453-2012-conselhos-de-saude,2025,"As Conferencias de Saude organizam-se em etapas ascendentes - municipal, estadual e, por fim, nacional -, sendo as conferencias locais e estaduais preparatorias, com suas propostas seguindo para apreciacao na Conferencia Nacional.",Empresa Brasileira de Serviços Hospitalares (EBSERH),Concurso Público EBSERH Edital 03/2024 — Enfermeiro (Grupo Enfermagem),,16,,,ACTIVE,banco-de-questoes-enfermagem,1.0
"Com relação à construção histórica do Sistema Único de Saúde (SUS), avalie as afirmativas a seguir e assinale (V) para a verdadeira e (F) para a falsa. ( ) O SUS foi criado inicialmente durante o Governo Vargas, voltado, a princípio, apenas para o atendimento aos trabalhadores da economia formal e suas famílias. ( ) A Constituição Federal de 1988 introduziu o fundamento da universalização do SUS e estabeleceu a integração dos serviços públicos de saúde em uma rede regionalizada e hierarquizada. ( ) O projeto inicial do sistema previa a sua evolução para o Sistema Unificado e Descentralizado de Saúde (SUDS), cuja execução permanece em aberto e em progresso. As afirmativas são, respectivamente,",F – V – F.,F – V – V.,V – F – F.,V – V – F.,F – F – V.,A,enfermeiro,fgv,concurso-publico-ebserh-assistencial-edital-3-2024,legislacao-do-sus,constituicao-federal-1988-seguridade-social,2025,"O SUS nao foi criado no Governo Vargas, e sim pela Constituicao de 1988, que consagrou sua universalizacao (afirmativa I falsa, II verdadeira); o SUDS foi uma proposta anterior a CF-88, ja superada, e nao um processo em aberto e em progresso atualmente (III falsa) - padrao F-V-F.",Empresa Brasileira de Serviços Hospitalares (EBSERH),Concurso Público EBSERH Edital 03/2024 — Enfermeiro (Grupo Enfermagem),,17,,,ACTIVE,banco-de-questoes-enfermagem,1.0
"Leia o trecho a seguir a respeito da insurgência ocorrida no início do século XX durante a campanha de vacinação contra a varíola. A Revolta da Vacina permanece como exemplo quase único na história do país de movimento popular de êxito baseado na defesa do direito dos cidadãos de não serem arbitrariamente tratados pelo governo. Mesmo que a vitória não tenha sido traduzida em mudanças políticas imediatas além da interrupção da vacinação, ela certamente deixou entre os que dela participaram um sentimento profundo de orgulho e de autoestima, passo importante na formação da cidadania. CARVALHO, José Murilo de. Os bestializados. São Paulo: Companhia das Letras, 2019. Segundo o autor, essa situação é exemplar da tensão entre",ciência médica e ignorância popular diante das políticas de saúde.,práticas higienistas e liberdade individual na saúde pública.,passividade das camadas populares e medidas coercitivas do governo.,campanhas educativas e desinformação entre a população.,resistência das elites à vacinação e rápida adesão das classes populares.,B,enfermeiro,fgv,concurso-publico-ebserh-assistencial-edital-3-2024,legislacao-do-sus,historico-da-previdencia-social-no-brasil,2025,"Carvalho descreve a Revolta da Vacina como reacao popular a uma medida sanitaria imposta de forma compulsoria, evidenciando a tensao entre praticas higienistas do Estado e a liberdade individual dos cidadaos.",Empresa Brasileira de Serviços Hospitalares (EBSERH),Concurso Público EBSERH Edital 03/2024 — Enfermeiro (Grupo Enfermagem),,18,,,ACTIVE,banco-de-questoes-enfermagem,1.0
"Sobre os determinantes sociais da saúde, analise o texto seguir. Podemos afirmar que na efetivação e desenvolvimento de si os indivíduos organizam e transformam grupos humanos nos mais diversos níveis e, de um modo ou de outro, a própria humanidade. Dessa forma, para os próprios indivíduos, que são concentrações vivas e pontos de interação da rede social, a transformação da sociedade resulta em novas condições de ser, novas condições de sua existência, inclusive psicofisiológica; portanto, de sua saúde. BRONZO, Carla; FLEURY-TEIXEIRA, Paulo. “Determinação social da saúde pública”. In: Determinação Social da Saúde e Reforma Sanitária. Rio de Janeiro: Cebes, 2010. Assinale a opção que identifica corretamente a ideia central do texto.",A melhoria na saúde do indivíduo ocorre como tradução fisiológica de mudanças de postura psicológica.,"O indivíduo é subordinado às características de sua realidade social, o que inclui seus modos de vida e sua saúde.",A ciência médica substitui as mudanças sociais como principal fator para o aumento da qualidade de vida da população.,"O funcionamento do organismo humano molda as regras de convivência, determinando os comportamentos coletivos.","A saúde faz parte dos efeitos do engajamento humano, o qual gera transformações históricas no âmbito da vida social.",E,enfermeiro,fgv,concurso-publico-ebserh-assistencial-edital-3-2024,legislacao-do-sus,determinantes-sociais-da-saude,2025,"O texto de Bronzo e Fleury-Teixeira afirma que sao os proprios individuos, em sua acao e engajamento, que transformam a sociedade e geram, como efeito dessas transformacoes historicas, novas condicoes de saude - nao que a saude resulte passivamente da realidade social ja dada.",Empresa Brasileira de Serviços Hospitalares (EBSERH),Concurso Público EBSERH Edital 03/2024 — Enfermeiro (Grupo Enfermagem),,19,,,ACTIVE,banco-de-questoes-enfermagem,1.0
"A respeito da possibilidade do uso da arquitetura informacional da blockchain para a gestão em saúde, leia o trecho a seguir. Um estudo da Escola Politécnica da USP propôs uma arquitetura para rastrear medicamentos hospitalares utilizando blockchain. Com a ferramenta, apenas transações validadas por uma rede descentralizada seriam registradas, garantindo maior dinamismo e segurança ao processo. No mecanismo de consenso, as entidades que fariam a validação teriam acesso às informações quando uma mercadoria fosse enviada de um lugar a outro. Uma validação centralizada também tem condições de realizar essa tarefa, porém é passível de influência humana, ou seja, uma informação já realizada pode ser alterada. CONTERNO, Ivan. Tecnologia blockchain pode reduzir risco de roubos e fraudes na área da saúde. Jornal da USP, 29/05/2023. In: https://jornal.usp.br. Adaptado. Com base no trecho, é correto afirmar que a principal vantagem de utilizar o sistema blockchain para a gestão em saúde consiste","na criação de um sistema mais eficiente, no qual um órgão unificado pode validar e modificar informações conforme necessário.","na eliminação da influência humana no processo de validação, garantindo que todas as transações sejam verificadas autonomamente.","na descentralização do registro de transações, que reduz o risco de alterações indevidas e aumenta a integridade das informações.","na capacidade de modificar registros antigos para corrigir eventuais erros, tornando a rastreabilidade mais flexível e adaptável às necessidades regulatórias.","na substituição dos mecanismos tradicionais de rastreabilidade, eliminando a necessidade de auditoria por órgãos reguladores.",C,enfermeiro,fgv,concurso-publico-ebserh-assistencial-edital-3-2024,legislacao-do-sus,gestao-e-organizacao-do-sus,2025,"A vantagem central destacada no texto e a descentralizacao do registro em blockchain, que impede alteracao unilateral das transacoes ja validadas, aumentando a integridade e a rastreabilidade das informacoes.",Empresa Brasileira de Serviços Hospitalares (EBSERH),Concurso Público EBSERH Edital 03/2024 — Enfermeiro (Grupo Enfermagem),,20,,,ACTIVE,banco-de-questoes-enfermagem,1.0
"A política regulatória dos planos privados explicita de maneira legal e institucional o fato de que os princípios do SUS de universalidade e igualdade eram formais. O modelo regulatório, da forma como foi adotado, é suplementar e não uma articulação. Sua implantação, de qualquer forma, foi separada: o modelo regula esse mercado, enquanto o SUS é outra história, com outra regulação e mecanismos decisórios totalmente díspares. São modelos e concepções diferentes: um é direito do consumidor e defende o mercado; o outro é direito de cidadania, obrigação do Estado. MENICUCCI, T. M. G. História da reforma sanitária brasileira e do Sistema Único de Saúde. História, Ciências, Saúde – Manguinhos, Rio de Janeiro, v. 21, n. 1, 2014. A criação de um sistema nacional de saúde envolve uma série de decisões políticas e organizacionais. Com base no trecho, é correto afirmar que o sistema brasileiro","adota um modelo híbrido, no qual a regulação dos planos de saúde privados se integra aos serviços públicos e forma um sistema único e coordenado em seu funcionamento.","opera com base na universalização plena da saúde, garantindo que o sistema público e os planos privados sejam regulados pelos mesmos mecanismos e princípios.","descaracteriza os princípios da universalidade e da igualdade, tornando o acesso aos serviços de saúde condicionado à contratação de assistência suplementar.","formaliza um sistema único de assistência, no qual os planos de saúde privados são considerados complementares ao serviço público e seguem sua mesma lógica de gestão.","funciona como um sistema segmentado, no qual os planos de saúde privados operam de forma paralela ao serviço público, com regulações e princípios distintos.",D,enfermeiro,fgv,concurso-publico-ebserh-assistencial-edital-3-2024,legislacao-do-sus,principios-e-diretrizes-do-sus,2025,"Segundo a leitura da banca a partir do trecho de Menicucci, a regulacao da saude suplementar (planos privados) formaliza-se como um sistema unico de assistencia no qual os planos privados sao tratados como complementares ao SUS dentro dessa mesma arquitetura regulatoria - leitura que corresponde ao gabarito oficial definitivo da FGV para esta questao.",Empresa Brasileira de Serviços Hospitalares (EBSERH),Concurso Público EBSERH Edital 03/2024 — Enfermeiro (Grupo Enfermagem),,21,,,ACTIVE,banco-de-questoes-enfermagem,1.0
"A respeito dos limites entre ciência ética, leia o relato a seguir. Em 2018, o cientista chinês He Jiankui causou controvérsia na comunidade científica quando revelou ter editado o código genético de dois embriões saudáveis com o objetivo de torná-los imunes à transmissão do HIV contraído pelos pais. O resultado foi o nascimento de duas meninas gêmeas geneticamente modificadas com a técnica de CRISPR-cas9, uma ferramenta genética que corta a sequência do DNA e o reconfigura para obter a modificação desejada. A repercussão do experimento levou à demissão e à condenação a três anos de prisão na China. Experimento chinês confronta limites entre ética e ciência, 2019, In: https://www.ipea.gov.br/. Adaptado. Considerando os princípios da bioética, assinale a afirmativa que identifica problemas éticos suscitados pelo experimento citado.","O desrespeito às normas comerciais, pois a alteração genética das bebês pode impactar o mercado de vacinas.","A inviabilidade econômica da técnica, que exige um alto investimento sem benefícios significativos.","Os riscos imprevisíveis de alterações genéticas em seres humanos, que vão produzir óvulos e espermatozoides com essa mutação.","A falha metodológica do estudo, que não seguiu protocolos científicos rigorosos para garantir a eficácia.","O comprometimento da viabilidade das futuras gerações, pois as edições genéticas causam instabilidade no DNA.",C,enfermeiro,fgv,concurso-publico-ebserh-assistencial-edital-3-2024,etica-e-legislacao-em-enfermagem,bioetica-principios,2025,"O experimento chines expos pacientes futuros (embrioes e sua descendencia) a riscos geneticos imprevisiveis e permanentes, uma vez que a edicao em celulas germinativas se propaga a geracoes seguintes - problema central de bioetica envolvido.",Empresa Brasileira de Serviços Hospitalares (EBSERH),Concurso Público EBSERH Edital 03/2024 — Enfermeiro (Grupo Enfermagem),,22,,,ACTIVE,banco-de-questoes-enfermagem,1.0
"Com relação à Atenção Primária à Saúde (APS), avalie as afirmativas a seguir. I. A APS tem o foco na diagnose e no tratamento das enfermidades, dada a dificuldade de ações preventivas na escala de sua atuação. II. A APS otimiza os atendimentos com equipes capazes de abordar as situações menos graves, evitando o encaminhamento a especialistas. III. A APS é o foco principal das iniciativas voltadas para a educação em saúde, dado que é a porta de entrada preferencial no sistema de saúde. Está correto o que se afirma em","I, II e III.","I e II, apenas.","I e III, apenas.","II e III, apenas.","III, apenas.",E,enfermeiro,fgv,concurso-publico-ebserh-assistencial-edital-3-2024,legislacao-do-sus,politica-nacional-de-atencao-basica-pnab,2025,"A APS e reconhecida como porta de entrada preferencial do sistema, funcionando como importante espaco de educacao em saude da populacao, o que corresponde apenas a afirmativa III; a APS nao e focada apenas em diagnostico/tratamento (I) nem exclui encaminhamentos quando necessarios (II teria de ser avaliada separadamente).",Empresa Brasileira de Serviços Hospitalares (EBSERH),Concurso Público EBSERH Edital 03/2024 — Enfermeiro (Grupo Enfermagem),,23,,,ACTIVE,banco-de-questoes-enfermagem,1.0
"A Política Nacional de Humanização (PNH), ou HumanizaSUS, busca qualificar a saúde pública no Brasil com um foco na organização das dinâmicas de trabalho. A PNH comporta as características indicadas a seguir, à exceção de uma. Assinale-a.",A valorização dos gestores de saúde como parte essencial da implementação da humanização no SUS.,"A autonomia do usuário no cuidado em saúde, garantindo participação ativa no próprio tratamento.","A transferência de responsabilidade para as famílias, atribuindo-lhes papel central na condução dos cuidados.","A articulação entre formação e serviços, promovendo uma educação permanente para profissionais da saúde.","A participação de profissionais e usuários nas ações de saúde junto a gestores, criando espaços de escuta e cogestão.",C,enfermeiro,fgv,concurso-publico-ebserh-assistencial-edital-3-2024,legislacao-do-sus,politica-nacional-de-humanizacao-pnh,2025,"A PNH tem como um de seus eixos centrais o protagonismo, a corresponsabilidade e a autonomia do proprio usuario no cuidado - nao a transferencia da responsabilidade do cuidado as familias, o que contraria os principios da humanizacao.",Empresa Brasileira de Serviços Hospitalares (EBSERH),Concurso Público EBSERH Edital 03/2024 — Enfermeiro (Grupo Enfermagem),,24,,,ACTIVE,banco-de-questoes-enfermagem,1.0
A Estratégia de Saúde da Família (ESF) é uma orientação fundamental do oferecimento de atenção básica à população. Assinale a afirmativa que apresenta corretamente uma característica da ESF.,"Prioriza a prevenção de enfermidades entre indivíduos saudáveis, responsáveis pela sustentação material da família.",É operacionalizada por equipes multiprofissionais que atendem um número definido de pessoas em um território.,Executa um serviço assistencial centralizado em unidades de saúde de grande porte estrategicamente posicionadas.,É orientada ao atendimento de coletividades em vez de indivíduos devido à natureza social de sua atuação.,"Opera com equipes itinerantes de assistência social, que diminuem a necessidade de atendimento médico.",B,enfermeiro,fgv,concurso-publico-ebserh-assistencial-edital-3-2024,administracao-em-enfermagem,estrategia-saude-da-familia,2025,"A ESF organiza-se por meio de equipes multiprofissionais responsaveis por uma populacao adstrita em territorio definido, caracteristica central do modelo, diferentemente de um servico centralizado em grandes unidades.",Empresa Brasileira de Serviços Hospitalares (EBSERH),Concurso Público EBSERH Edital 03/2024 — Enfermeiro (Grupo Enfermagem),,25,,,ACTIVE,banco-de-questoes-enfermagem,1.0
"A Política Nacional de Atenção Hospitalar (PNHOSP) define orientações para reestruturar a assistência hospitalar no SUS, com o objetivo de melhorar a qualidade dos cuidados e a eficiência na gestão. As iniciativas listadas a seguir reorganizam e qualificam a atenção hospitalar de acordo com o disposto pela PNHOSP, à exceção de uma. Assinale-a.",A adoção de um sistema experimental de triagem por inteligência artificial para reduzir custos.,A adoção de protocolos clínicos para reduzir a variabilidade no padrão de tratamentos.,A instalação de um sistema de gestão de estoques para evitar desperdício de medicamentos.,A introdução da telemedicina nas unidades afastadas para permitir o acesso remoto a especialistas.,A mobilização de equipes multidisciplinares para fornecer acompanhamento contínuo aos pacientes.,A,enfermeiro,fgv,concurso-publico-ebserh-assistencial-edital-3-2024,legislacao-do-sus,organizacao-direcao-e-gestao-do-sus,2025,"A PNHOSP orienta a reorganizacao da assistencia hospitalar por meio de protocolos clinicos, gestao de estoques, telemedicina e equipes multidisciplinares; a adocao de triagem experimental por IA para reduzir custos nao e uma diretriz prevista na politica.",Empresa Brasileira de Serviços Hospitalares (EBSERH),Concurso Público EBSERH Edital 03/2024 — Enfermeiro (Grupo Enfermagem),,26,,,ACTIVE,banco-de-questoes-enfermagem,1.0
"A Resolução CNS nº 553/2017 estabelece os direitos e deveres da pessoa usuária da saúde, a serem observados por paciente e equipe no dia a dia da prestação de serviços. Assinale a opção que indica uma violação de um direito ou de um dever exposto na resolução.",Uma paciente faz uma reclamação formal sobre o atendimento e tem seu pedido encaminhado para análise.,"Um paciente idoso chega com mal-estar a uma unidade de saúde sem documentação, mas é prontamente atendido.",Uma paciente consegue agendar um exame para dali a seis meses devido a critérios de prioridade clínica.,Um paciente não emergencial se irrita com o tempo médio de espera e ameaça agressivamente formalizar uma reclamação.,Uma paciente solicita um exame realizado há pouco tempo e tem o pedido negado devido a protocolos de periodicidade.,D,enfermeiro,fgv,concurso-publico-ebserh-assistencial-edital-3-2024,legislacao-do-sus,carta-dos-direitos-e-deveres-da-pessoa-usuaria-da-saude,2025,"A Resolucao CNS no 553/2017 assegura ao usuario o direito de reclamar sem represalias, mas nao o direito de faze-lo de forma agressiva; a ameaca de agressao configura violacao do dever de urbanidade no atendimento.",Empresa Brasileira de Serviços Hospitalares (EBSERH),Concurso Público EBSERH Edital 03/2024 — Enfermeiro (Grupo Enfermagem),,27,,,ACTIVE,banco-de-questoes-enfermagem,1.0
"As Redes de Atenção à Saúde (RAS) são estruturas organizacionais projetadas para superar a fragmentação dos serviços de saúde. Sobre o tema, avalie os itens a seguir. I. Os serviços são organizados de maneira hierárquica, com funções definidas e de acordo com a complexidade dos casos. II. As RAS podem ser estruturadas de maneira temática, especializando-se no atendimento de um grupo populacional específico. III. O paciente mantém um vínculo com a rede, estendendo seu tratamento ao longo do tempo, em vez de ser atendido de maneira pontual. Está correto o que se afirma em","III, apenas.","I e II, apenas.","I e III, apenas.","II e III, apenas.","I, II e III.",E,enfermeiro,fgv,concurso-publico-ebserh-assistencial-edital-3-2024,legislacao-do-sus,gestao-e-organizacao-do-sus,2025,"As RAS organizam-se de forma poliarquica, mas com pontos de atencao hierarquizados por complexidade (I), podem ser tematicas (II) e pressupoem vinculo longitudinal do usuario com a rede (III) - as tres afirmativas estao corretas.",Empresa Brasileira de Serviços Hospitalares (EBSERH),Concurso Público EBSERH Edital 03/2024 — Enfermeiro (Grupo Enfermagem),,28,,,ACTIVE,banco-de-questoes-enfermagem,1.0
"A Norma Operacional Básica de Recursos Humanos estabelece que, para a atenção à saúde do trabalhador do SUS, devem ser obedecidos os mesmos princípios do Sistema Único de Saúde. A esse respeito, estabeleça a relação entre os princípios listados a seguir e as iniciativas que exemplificam sua aplicação. 1. Universalidade 2. Promoção da Saúde 3. Integralidade da Atenção ( ) Programas de incentivo para redução do tabagismo, com campanhas de conscientização sobre os danos do cigarro e medidas de apoio para os que desejam parar de fumar. ( ) Inclusão de todos os profissionais da saúde, independentemente de sua forma de contratação, em campanhas nacionais de vacinação prioritária para reduzir riscos de exposição. ( ) Inspeções conjuntas do SUS e do Ministério do Trabalho e Previdência (MTP) para avaliar condições de trabalho, uso adequado de Equipamentos de Proteção Individual e cumprimento das normas de segurança. A relação correta, na ordem apresentada, é",3 – 2 – 1.,2 – 1 – 3.,2 – 3 – 1.,3 – 1 – 2.,1 – 3 – 2.,B,enfermeiro,fgv,concurso-publico-ebserh-assistencial-edital-3-2024,saude-coletiva,saude-do-trabalhador,2025,"As campanhas de conscientizacao contra o tabagismo exemplificam Promocao da Saude (2); a inclusao de todos os profissionais, independentemente do vinculo, em campanhas de vacinacao exemplifica Universalidade (1); e as inspecoes conjuntas sobre condicoes de trabalho e uso de EPI exemplificam Integralidade da Atencao (3) - ordem 2-1-3.",Empresa Brasileira de Serviços Hospitalares (EBSERH),Concurso Público EBSERH Edital 03/2024 — Enfermeiro (Grupo Enfermagem),,29,,,ACTIVE,banco-de-questoes-enfermagem,1.0
"Com relação às orientações da Política Nacional de Saúde Integral da População Negra, avalie as afirmativas a seguir. I. Incluir o quesito cor no levantamento de informações relativas à saúde da população e no estabelecimento de iniciativas e metas. II. Substituir as práticas populares e religiosas de cuidado e saúde por técnicas e protocolos de medicina avançada e baseada em evidências. III. Ampliar a participação de movimentos sociais organizados nas instâncias de controle social do sistema de saúde. Está em consonância com a Política Nacional de Saúde Integral da População Negra o que se indica em","III, apenas.","I e II, apenas.","I e III, apenas.","II e III, apenas.","I, II e III.",C,enfermeiro,fgv,concurso-publico-ebserh-assistencial-edital-3-2024,legislacao-do-sus,politica-nacional-de-saude-integral-da-populacao-negra-pnsipn,2025,"A Politica Nacional de Saude Integral da Populacao Negra defende a inclusao do quesito raca/cor nos sistemas de informacao (I) e o fortalecimento da participacao de movimentos sociais no controle social (III); ela reconhece e valoriza, e nao substitui, os saberes e praticas populares e religiosas de cuidado (II e falsa).",Empresa Brasileira de Serviços Hospitalares (EBSERH),Concurso Público EBSERH Edital 03/2024 — Enfermeiro (Grupo Enfermagem),,30,,,ACTIVE,banco-de-questoes-enfermagem,1.0
"Um dos recursos de proteção contra infecções é a imunização por meio de vacinas. No Brasil, o Ministério da Saúde disponibiliza uma ampla cartela de imunizantes pelo Programa Nacional de Imunização (PNI). Ao receber as pessoas na sala de vacina, o profissional precisa estar atento ao calendário e à caderneta e/ou ao cartão de vacinação do usuário, para que possa avaliar corretamente quais vacinas e doses devem ser administradas. Nesse sentido, na avaliação da administração da vacina rotavírus humano G1P [8] (atenuada) – VRH, para uma criança com quatro meses de idade, é correto afirmar que","essa criança pode tomar a 2ª dose da vacina, pois na avaliação da caderneta verificou-se que ela tomou a 1ª dose aos dois meses de idade.","se, na administração da 2ª dose, a criança cuspir, será necessário reaplicar a dose.","essa vacina é a única que pode ser administrada diante de quadro agudo de gastroenterite, pois ela atua para a resolução desse tipo de quadro.",essa vacina só pode ser administrada a partir dos seis meses de idade.,"essa vacina não faz parte do calendário, sendo administrada apenas quando há surtos.",A,enfermeiro,fgv,concurso-publico-ebserh-assistencial-edital-3-2024,saude-coletiva,calendario-nacional-de-vacinacao,2025,"O esquema da vacina VRH (rotavirus) preve a 1a dose ate 3 meses e 15 dias e a 2a dose ate 7 meses e 29 dias de idade; como a crianca recebeu a 1a dose aos dois meses, ela esta dentro do prazo valido para receber a 2a dose aos quatro meses.",Empresa Brasileira de Serviços Hospitalares (EBSERH),Concurso Público EBSERH Edital 03/2024 — Enfermeiro (Grupo Enfermagem),,31,,,ACTIVE,banco-de-questoes-enfermagem,1.0
"Do conjunto de ações que formam a vigilância em saúde, a vigilância epidemiológica desempenha um papel crucial no monitoramento de enfermidades que podem acometer a população, a exemplo de doenças transmissíveis e epidemias. A influenza sazonal é uma infecção viral aguda do sistema respiratório, que apresenta alta transmissibilidade. A respeito dessa doença, avalie as afirmativas a seguir. I. Entre os sintomas da síndrome gripal estão a tosse seca, a mialgia e a prostração. II. Pelo risco de complicações respiratórias, a vacina influenza trivalente, disponível nos serviços públicos de vacinação, é indicada para crianças a partir do primeiro mês de vida até cinco anos, e também para gestantes. III. No contexto da Vigilância Sentinela da Influenza, a síndrome gripal se caracteriza por indivíduo com febre, mesmo que referida, acompanhada de tosse ou dor de garganta e com início dos sintomas nos últimos sete dias. IV. No caso dos vírus respiratórios como o vírus influenza, são feitas coletas “aleatórias” de amostras clínicas de pacientes com síndrome gripal. Estão corretas apenas as afirmativas","I, II e IV.",II e IV.,"I, II e III.","I, III e IV.",I e II.,D,enfermeiro,fgv,concurso-publico-ebserh-assistencial-edital-3-2024,saude-coletiva,epidemiologia-basica-e-bioestatistica,2025,"Os sintomas tipicos da sindrome gripal (I) e os criterios da Vigilancia Sentinela da Influenza (III) estao corretos, assim como a pratica de coleta de amostras em unidades sentinela (IV); a vacina influenza trivalente nao e indicada para criancas a partir do primeiro mes de vida, o que torna a afirmativa II incorreta.",Empresa Brasileira de Serviços Hospitalares (EBSERH),Concurso Público EBSERH Edital 03/2024 — Enfermeiro (Grupo Enfermagem),,32,,,ACTIVE,banco-de-questoes-enfermagem,1.0
"O Centro de Atenção Psicossocial (CAPS) é um dos serviços de referência para o cuidado com as pessoas que têm Transtornos do Espectro do Autismo (TEA). Como parte da equipe de profissionais de saúde, o enfermeiro desenvolve ações de cuidado com as pessoas que têm TEA e suas famílias. Sobre esse tema, avalie as afirmativas a seguir e assinale (V) para a verdadeira e (F) para a falsa. ( ) Um Projeto Terapêutico Singular (PTS), voltado à pessoa com TEA, deve considerar ações que estimulem a sua autonomia e independência cotidiana. ( ) Entre as tecnologias recomendadas no cuidado com as pessoas que têm TEA, a enfermeira pode aplicar a comunicação suplementar e alternativa, tais como gestos, símbolos e figuras. ( ) No caso de pessoas com TEA, o PTS deve ser construído com a família, sem a participação da pessoa com TEA, pois o processo de construção pode acarretar crises dissociativas. ( ) No caso de a pessoa com TEA usar psicofármacos, a enfermeira deve incluir no planejamento e nas ações de cuidado a orientação sobre os efeitos colaterais e, se for o caso, ajudar na escolha dos melhores horários para o uso dos medicamentos. As afirmativas são, respectivamente,",V – V – V – F.,V – V – F – V.,F – F – V – V.,V – F – F – V.,F – V – V – F.,B,enfermeiro,fgv,concurso-publico-ebserh-assistencial-edital-3-2024,saude-mental,rede-de-atencao-psicossocial-raps,2025,"O PTS de pessoas com TEA deve estimular autonomia (I, correta) e pode utilizar comunicacao alternativa (II, correta) e deve ser construido com a participacao da propria pessoa com TEA, nao apenas com a familia (III, falsa); orientacao sobre efeitos colaterais de psicofarmacos e atribuicao da enfermagem (IV, correta).",Empresa Brasileira de Serviços Hospitalares (EBSERH),Concurso Público EBSERH Edital 03/2024 — Enfermeiro (Grupo Enfermagem),,33,,,ACTIVE,banco-de-questoes-enfermagem,1.0
"A saúde é um conceito complexo que envolve diferentes dimensões que se inter-relacionam: biológicas, psicológicas e sociais. A promoção da saúde integral abrange a compreensão do funcionamento da Rede de Atenção Psicossocial (RAPS) e o domínio sobre os transtornos e cuidados voltados à saúde mental. Sobre o atendimento e o cuidado com as pessoas em relação à saúde mental, avalie os procedimentos a seguir. I. De acordo com o protocolo clínico e as diretrizes terapêuticas do Transtorno Afetivo Bipolar do tipo I (TAB), do Ministério da Saúde (2016), o TAB é um transtorno de humor e é uma doença crônica que compromete a qualidade de vida do paciente. Entre as intervenções psicossociais que fazem parte da reabilitação do paciente, o enfermeiro deve incluir no atendimento: a discussão dos sinais precoces de recaída, as medidas a serem tomadas nessa situação e o ensino de técnicas de controle do estresse. II. Um paciente com Transtorno Esquizoafetivo está em tratamento medicamentoso com Risperidona, em doses de 3 mg, duas vezes ao dia. O frasco disponível na farmácia tem 30 mL com 1 mg/mL. Para o período de 30 dias, a enfermeira explicou ao paciente que ele precisará de seis frascos. III. No atendimento ao paciente em sofrimento psíquico e a seu familiar, a enfermeira aplicou a Teoria das Relações Interpessoais de Hildegard Peplau, em suas quatro fases. Na segunda fase, que trata da identificação, ela selecionou a assistência profissional aplicada ao caso. IV. De acordo com o Instrutivo Técnico da RAPS do SUS (2022), os leitos em hospitais especializados em psiquiatria (hospitais psiquiátricos) devem atender a crises e agudizações, em internações de curta permanência (inferior a 90 dias), excluindo-se as situações de urgência/emergência relativas ao consumo ou abstinência de álcool, crack e outras drogas, pois para tais situações os pacientes devem ser encaminhados para os leitos de Unidades de Referência Especializada em Hospital Geral. Os procedimentos corretos são apenas","II, III e IV.",II e III.,"I, II e III.",II e IV.,"I, II e IV.",C,enfermeiro,fgv,concurso-publico-ebserh-assistencial-edital-3-2024,saude-mental,transtornos-mentais-e-comportamentais,2025,"As intervencoes psicossociais no TAB (I), o calculo correto de frascos de Risperidona necessarios para 30 dias de tratamento (II) e a aplicacao da fase de identificacao da Teoria de Peplau (III) estao corretos; a descricao dos criterios de permanencia e encaminhamento em hospitais psiquiatricos (IV) nao corresponde exatamente ao Instrutivo Tecnico da RAPS vigente.",Empresa Brasileira de Serviços Hospitalares (EBSERH),Concurso Público EBSERH Edital 03/2024 — Enfermeiro (Grupo Enfermagem),,34,,,ACTIVE,banco-de-questoes-enfermagem,1.0
"Na consulta de enfermagem à criança, o acompanhamento dos sinais vitais e do crescimento e desenvolvimento são feitos seguindo-se as recomendações do Ministério da Saúde, com registros na Caderneta da Criança. Sobre os procedimentos relativos a esses acompanhamentos, é correto afirmar que","o Índice de Massa Corporal (IMC) em crianças deve ser medido por meio do peso em quilograma (kg) dividido pelo valor da estatura em metros (m), expresso na seguinte fórmula: IMC = peso/estatura.","nas consultas de rotina, a medida da pressão arterial é obrigatória apenas a partir dos 5 anos de idade, tanto para meninas como para meninos.","na aferição do peso de crianças menores de 2 anos em balança pediátrica eletrônica (digital), a criança deve estar obrigatoriamente despida e deitada, pois se ela for posta sentada a precisão da medição fica comprometida.","a medida do perímetro cefálico deve ser aferida desde o nascimento e até o primeiro ano de vida e, a partir dessa idade, torna-se obrigatória apenas na presença de diagnóstico de microcefalia.",crianças menores de 2 anos devem ser medidas deitadas (comprimento); crianças com 2 anos ou mais devem ser medidas em pé (estatura).,E,enfermeiro,fgv,concurso-publico-ebserh-assistencial-edital-3-2024,saude-da-crianca-e-do-adolescente,crescimento-e-desenvolvimento-infantil,2025,"Segundo as recomendacoes do Ministerio da Saude para a Caderneta da Crianca, criancas menores de 2 anos devem ter o comprimento aferido na posicao deitada, e criancas a partir de 2 anos devem ter a estatura aferida em pe.",Empresa Brasileira de Serviços Hospitalares (EBSERH),Concurso Público EBSERH Edital 03/2024 — Enfermeiro (Grupo Enfermagem),,35,,,ACTIVE,banco-de-questoes-enfermagem,1.0
"Na assistência de enfermagem à gestante, o enfermeiro precisa estar atento à própria gestante, às pessoas que a acompanham e ao ambiente, de modo a oferecer um momento seguro e acolhedor. Espera-se que a experiência da mulher e de sua família seja a melhor possível e que o processo transcorra sem intercorrências. Em relação ao conjunto de atividades inerentes ao cuidado com a mulher gestante para que haja uma boa vivência do parto vaginal, é correto afirmar que","sobre a assepsia para o parto vaginal, havendo necessidade de limpeza vulvar e perineal antes do exame vaginal, deve-se evitar água potável e optar por água estéril para evitar contaminação, caso haja necessidade de episiotomia.","a assepsia indicada para o parto vaginal é recomendada com higiene padrão das mãos e uso de luvas necessariamente estéreis para reduzir a contaminação cruzada entre as mulheres, as crianças e os profissionais.","caso opte por receber massagem que tenha sido ensinada a(os) seu(s) acompanhante(s), a mulher deve ser apoiada nesta opção durante o trabalho de parto.",acupuntura é uma técnica não farmacológica contraindicada às mulheres durante o trabalho de parto.,"a dieta durante o trabalho de parto envolve o jejum, inclusive de líquidos.",C,enfermeiro,fgv,concurso-publico-ebserh-assistencial-edital-3-2024,saude-da-mulher,assistencia-de-enfermagem-ao-pre-natal-parto-e-puerperio,2025,"As boas praticas de assistencia ao parto vaginal preveem apoio as escolhas da mulher, incluindo o uso de massagem ensinada ao acompanhante como metodo nao farmacologico de conforto durante o trabalho de parto.",Empresa Brasileira de Serviços Hospitalares (EBSERH),Concurso Público EBSERH Edital 03/2024 — Enfermeiro (Grupo Enfermagem),,37,,,ACTIVE,banco-de-questoes-enfermagem,1.0
"O aleitamento materno é uma estratégia eficaz para a redução da morbimortalidade infantil. No atendimento do binômio mãe-bebê, o enfermeiro assume um papel importante, com protagonismo e autonomia na consulta ao realizar o processo de enfermagem e dar enfoque ao aleitamento. Sobre a consulta de enfermagem à mulher em fase de amamentação, avalie se as seguintes orientações devem constar do plano de cuidados: I. não há comprovação de que alguma comida ou bebida que a mãe ingira possa causar cólicas no bebê; II. o descanso influencia na produção de leite da mulher; III. caso o bebê não consiga sugar a mama, o enfermeiro deve ensinar à mãe a técnica de retirada do leite do peito com as mãos ou com uma bomba, para oferecer ao bebê na colher; IV. a chupeta pode ser utilizada porque não influencia na tendência da criança em mamar por mais ou menos tempo. Estão corretas as orientações","I, II e III.","II e IV, apenas.","III e IV, apenas.","II e III, apenas.","I e II, apenas.",A,enfermeiro,fgv,concurso-publico-ebserh-assistencial-edital-3-2024,saude-da-crianca-e-do-adolescente,aleitamento-materno,2025,"Nao ha comprovacao de que alimentos ingeridos pela mae causem colicas no bebe amamentado (I), o descanso materno favorece a producao de leite (II) e a retirada manual ou com bomba deve ser ensinada quando o bebe nao consegue sugar (III); ja o uso de chupeta e desaconselhado por sua associacao com reducao do tempo de amamentacao, o que torna a afirmativa IV incorreta.",Empresa Brasileira de Serviços Hospitalares (EBSERH),Concurso Público EBSERH Edital 03/2024 — Enfermeiro (Grupo Enfermagem),,38,,,ACTIVE,banco-de-questoes-enfermagem,1.0
"Há métodos diagnósticos que devem ser feitos no período da consulta para possibilitar decisões rápidas e seguras que conduzam à feitura de um plano terapêutico e de cuidados adequados à situação clínica do usuário. No atendimento de enfermagem, a enfermeira se deparou com a seguinte situação: F.L.Z., 35 anos, sexo masculino, solteiro, bissexual. Relatou ter mantido relação sexual casual com outro homem, de forma desprotegida, há pouco mais de 48 horas. Compareceu ao serviço de saúde para solicitar a PEP (Profilaxia Pós-Exposição), pois conhece várias pessoas que a usam para reduzir o risco de se infectar com alguma IST (Infecção Sexualmente Transmissível) e/ou com o vírus da Aids. No âmbito da consulta, a enfermeira forneceu algumas explicações para dar ampla ciência sobre seu caso e sobre o atendimento. Com base nesse histórico e no tema tratado, avalie as afirmativas a seguir. I. Ainda que esteja disponível, no caso de F.L.Z. não está indicado o uso de PEP, pois este tipo de profilaxia deve ser instituído em até 48 horas após a exposição. II. A decisão pelo uso da PEP dependerá do status sorológico para HIV, a ser avaliado por meio de testes rápidos (TRs). III. Para uma pessoa com a história de F.L.Z., que compareça à unidade de saúde dentro da janela de tempo prevista no protocolo do Ministério da Saúde (MS) e cujo teste rápido é não reagente para o HIV no momento do atendimento, a PEP está indicada. IV. Pelo histórico apresentado e pelo fato de a relação sexual ter sido casual, o tipo de profilaxia indicada é a PrEP (Profilaxia Pré-Exposição) a ser aplicada por sete dias consecutivos, a contar do dia da consulta. As afirmativas a serem consideradas no atendimento do usuário F.L.Z. são","I, II e IV.","I e IV, apenas.","II e IV, apenas.","I e II, apenas.","II e III, apenas.",E,enfermeiro,fgv,concurso-publico-ebserh-assistencial-edital-3-2024,enfermagem-em-doencas-transmissiveis,prevencao-e-controle-de-doencas-transmissiveis,2025,"Segundo o protocolo do Ministerio da Saude, a PEP deve ser iniciada em ate 72 horas da exposicao (nao 48), e sua indicacao depende do status sorologico do paciente, avaliado por teste rapido; para exposicao recente com teste nao reagente e dentro da janela, a PEP esta indicada.",Empresa Brasileira de Serviços Hospitalares (EBSERH),Concurso Público EBSERH Edital 03/2024 — Enfermeiro (Grupo Enfermagem),,39,,,ACTIVE,banco-de-questoes-enfermagem,1.0
"Alterações no clima do planeta têm sido um tema preocupante e vêm ocupando as agendas dos líderes mundiais e de vários segmentos sociais. Esses eventos ameaçam a vida e geram múltiplos problemas, mobilizando debates para a proposição de políticas e programas, em especial na saúde pública. Grandes enchentes e ondas de calor são consequências atribuídas às alterações climáticas. Nessas situações, problemas de saúde física e mental são pontos de atenção dos governantes e dos profissionais de saúde. Para o caso de eventos que envolvam alterações climáticas, avalie as afirmativas a seguir e assinale (V) para a verdadeira e (F) para a falsa. ( ) A leptospirose é uma doença infecciosa preocupante, pois a lama de enchentes tem alto poder infectante. A transmissão se dá por meio da exposição à urina de animais infectados quando a pessoa possui lesões na pele. Com a pele íntegra não há risco de infecção. ( ) Para evitar o tétano acidental, a pessoa deve acessar os lugares acometidos por enchentes usando botas e luvas. Em caso de ferimento durante ou após uma enchente, deve-se verificar a data da última dose da vacina e, se for necessário, procurar o serviço de saúde/profissional de saúde para avaliar a necessidade de reforço. ( ) Ondas de calor são eventos cada vez mais frequentes e a intensa exposição ao sol pode causar problemas de variados graus de gravidade. Uma pessoa com transpiração, fraqueza, tonturas, desmaios, náuseas, dor de cabeça, cãibras musculares e diarreias pode estar sofrendo de exaustão térmica. No caso de insolação, entre as medidas de primeiros socorros estão a aplicação de compressas de água fria na testa, pescoço, axilas e virilhas e, se possível, deve-se borrifar delicadamente água fria em todo o corpo da pessoa. ( ) No atendimento na unidade de saúde de um paciente de 25 anos, sexo masculino, que enfrentou uma enchente em casa e apresenta doença diarreica aguda, deve-se fazer a avaliação do estado de hidratação do paciente. Constatada a desidratação, deve-se administrar continuamente a solução de sais de reidratação oral, até que desapareçam os sinais de desidratação. No plano de educação em saúde devem constar as medidas de higiene pessoal, domiciliar e dos alimentos. As afirmativas são, respectivamente,",F – V – F – V.,V – F – V – F.,F – V – F – F.,F – V – V – V.,V – F – F – V.,D,enfermeiro,fgv,concurso-publico-ebserh-assistencial-edital-3-2024,enfermagem-em-doencas-transmissiveis,prevencao-e-controle-de-doencas-transmissiveis,2025,"A transmissao da leptospirose ocorre por contato de mucosas ou pele lesada com agua/lama contaminada por urina de roedores; cuidados com tetano acidental e manejo de exaustao termica/insolacao e reidratacao oral em diarreia aguda sao corretos, exceto a afirmacao de que pele integra elimina totalmente o risco de infeccao.",Empresa Brasileira de Serviços Hospitalares (EBSERH),Concurso Público EBSERH Edital 03/2024 — Enfermeiro (Grupo Enfermagem),,40,,,ACTIVE,banco-de-questoes-enfermagem,1.0
"Sobre os objetivos e atribuições do Sistema Único de Saúde (SUS), conforme estabelecido pela Lei Orgânica de Saúde (LOS), avalie as afirmativas a seguir. I. Compete ao SUS a fiscalização e a inspeção de alimentos para consumo humano, exceto o de água e bebidas, pois esta fiscalização é de responsabilidade de outro sistema. II. Entre os objetivos do SUS está a assistência às pessoas por intermédio de ações de promoção, proteção e recuperação da saúde, com a realização integrada das ações assistenciais e das atividades preventivas. III. O campo de atuação do SUS inclui a execução de ações de vigilância sanitária, de vigilância epidemiológica, de saúde do trabalhador, de assistência terapêutica integral, inclusive farmacêutica, e de saúde bucal. IV. Compete ao SUS a formulação da política de medicamentos, equipamentos, imunobiológicos e outros insumos de interesse para a saúde e a participação na sua produção. Estão corretas apenas as afirmativas",I e II.,I e III.,"II, III e IV.","I, II e III.","I, III e IV.",C,enfermeiro,fgv,concurso-publico-ebserh-assistencial-edital-3-2024,legislacao-do-sus,lei-8080-1990,2025,"A Lei Organica da Saude (Lei no 8.080/1990) inclui, entre o campo de atuacao do SUS, a assistencia terapeutica integral (inclusive farmaceutica) e a vigilancia sanitaria, epidemiologica e do trabalhador (III), alem da execucao de acoes assistenciais e preventivas integradas (II) e a formulacao da politica de medicamentos e insumos (IV); a fiscalizacao de alimentos, agua e bebidas e, sim, competencia do SUS (I e falsa).",Empresa Brasileira de Serviços Hospitalares (EBSERH),Concurso Público EBSERH Edital 03/2024 — Enfermeiro (Grupo Enfermagem),,41,,,ACTIVE,banco-de-questoes-enfermagem,1.0
"Auditoria em enfermagem é a avaliação sistemática da qualidade da assistência em enfermagem, verificada por intermédio das anotações no prontuário do paciente e/ou das próprias condições do prontuário. A auditoria surge como a fase final do processo de planejamento da assistência de enfermagem, que é imprescindível à prestação de uma assistência adequada e de qualidade ao indivíduo. Sobre os tipos de auditoria, assinale a afirmativa correta.",Auditoria operacional é feita em 10% dos prontuários de uma instituição para buscar dados que não foram anotados durante a realização da auditoria retrospectiva.,"Auditoria retrospectiva é feita após a alta do paciente, em que se utiliza o prontuário para avaliação, portanto, os dados obtidos não beneficiarão aquele paciente diretamente, mas para auxiliarão na assistência de maneira global.",Auditoria concorrente é feita em 50% dos prontuários de uma instituição para buscar dados que não foram anotados quando foi realizada a auditoria retrospectiva.,Auditoria operacional é feita em 50% dos prontuários de uma instituição para buscar dados que não foram anotados durante a realização da auditoria retrospectiva e dispensa a realização de um plano auditorial.,"Auditoria retrospectiva dispensa a realização de um plano auditorial e a elaboração de um relatório final, pois essas exigências são feitas apenas para a auditoria concorrente ou operacional.",B,enfermeiro,fgv,concurso-publico-ebserh-assistencial-edital-3-2024,etica-e-legislacao-em-enfermagem,enfermagem-em-auditoria-resolucao-cofen,2025,"A auditoria retrospectiva e realizada apos a alta do paciente, com base no prontuario ja concluido; seus achados nao beneficiam diretamente aquele paciente, mas subsidiam a melhoria da assistencia de forma global na instituicao.",Empresa Brasileira de Serviços Hospitalares (EBSERH),Concurso Público EBSERH Edital 03/2024 — Enfermeiro (Grupo Enfermagem),,42,,,ACTIVE,banco-de-questoes-enfermagem,1.0
"O traumatismo cranioencefálico pode provocar condições que variam desde uma concussão leve até o coma e a morte. Sua forma mais grave é conhecida como lesão cerebral traumática (LCT). As causas mais comuns de LCT são as quedas, os acidentes com veículos motorizados, a colisão de objetos e os assaltos. Sobre a assistência do enfermeiro ao paciente com traumatismo cranioencefálico, é correto afirmar que","uma leitura da Escala de Coma de Glasgow entre 3 e 8 é considerada como indicativa de traumatismo cranioencefálico grave, sendo recomendada a intubação orotraqueal.","a Escala de Coma de RASS serve de guia para avaliar o nível de consciência do paciente com base em três critérios: abertura dos olhos, respostas verbais e respostas motoras.","a Escala de Coma de Ramsay serve de guia para avaliar o nível de consciência do paciente com base em três critérios: abertura dos olhos, respostas verbais e respostas motoras.","na Escala de Coma de Glasgow, para avaliar o nível de consciência do paciente, um escore de 15 é menos responsivo, enquanto um escore de 3 é mais responsivo.","na Escala de Coma de RASS, para avaliar o nível de consciência do paciente, um escore de 15 é menos responsivo, enquanto um escore de 3 é mais responsivo.",A,enfermeiro,fgv,concurso-publico-ebserh-assistencial-edital-3-2024,urgencia-e-emergencia,atendimento-ao-politraumatizado,2025,"Um escore entre 3 e 8 na Escala de Coma de Glasgow indica rebaixamento importante do nivel de consciencia, compativel com TCE grave e indicacao de via aerea definitiva (intubacao orotraqueal) para protecao das vias aereas.",Empresa Brasileira de Serviços Hospitalares (EBSERH),Concurso Público EBSERH Edital 03/2024 — Enfermeiro (Grupo Enfermagem),,43,,,ACTIVE,banco-de-questoes-enfermagem,1.0
"Atualmente, câncer é o nome geral dado a um conjunto de mais de 100 doenças que têm em comum o crescimento desordenado de células que tendem a invadir tecidos e órgãos vizinhos. De acordo com a cartilha ABC do Câncer, publicada em 2020 pelo Ministério da Saúde, existem três formas principais de tratamento do câncer: cirurgia, radioterapia e quimioterapia, que podem ser usadas em conjunto, variando apenas quanto à suscetibilidade dos tumores a cada uma das modalidades terapêuticas e à sequência ideal de sua administração. Sobre esses tratamentos, avalie as afirmativas a seguir. I. A radioterapia pré-operatória (prévia ou citorredutora) é o procedimento que antecede a principal modalidade de tratamento, a cirurgia, para reduzir o tumor e facilitar o procedimento operatório. II. A quimioterapia curativa tem a finalidade de curar pacientes com neoplasias malignas para os quais representa o principal tratamento, podendo ou não estar associada à cirurgia e à radioterapia. III. Uma das competências privativas do enfermeiro em quimioterapia antineoplásica é planejar, organizar, supervisionar, executar e avaliar todas as atividades de enfermagem, em pacientes submetidos ao tratamento quimioterápico antineoplásico, categorizando-o como um serviço de alta complexidade. IV. Radioterapia pós-operatória ou pós-quimioterapia (profilática): segue-se à principal modalidade de tratamento, com a finalidade de esterilizar possíveis focos microscópicos do tumor. As afirmativas corretas são","I, III e IV, apenas.","I, II e IV, apenas.","II, III e IV, apenas.","I, II, III e IV.","III e IV, apenas.",D,enfermeiro,fgv,concurso-publico-ebserh-assistencial-edital-3-2024,enfermagem-medico-cirurgica,oncologia-modalidades-terapeuticas,2025,"A radioterapia pre-operatoria reduz o tumor antes da cirurgia (I), a quimioterapia curativa visa a cura como tratamento principal (II), competencias privativas do enfermeiro em quimioterapia antineoplasica envolvem todo o processo assistencial (III) e a radioterapia pos-operatoria visa eliminar focos residuais microscopicos (IV) - todas corretas.",Empresa Brasileira de Serviços Hospitalares (EBSERH),Concurso Público EBSERH Edital 03/2024 — Enfermeiro (Grupo Enfermagem),,44,,,ACTIVE,banco-de-questoes-enfermagem,1.0
"As recomendações para Suporte Básico de Vida (SBV) e para Suporte Avançado de Vida Cardiovascular (SAVC) estão combinadas nas diretrizes da American Heart Association (AHA) publicadas em 2020. Sobre as principais novas alterações de SBV e SAVC em adultos, avalie as afirmativas a seguir. I. O atendimento do paciente após o retorno da circulação espontânea requer muita atenção à oxigenação, ao controle da pressão arterial, à avaliação da intervenção coronária percutânea, ao controle direcionado de temperatura e ao neuroprognóstico multimodal. II. O acesso intraósseo é a via de primeira escolha de administração de medicação durante a ressuscitação no SAVC. III. Mensurar continuamente a pressão arterial sanguínea e o teor de dióxido de carbono ao final da expiração durante a ressuscitação de SAVC pode ser útil para melhorar a qualidade da reanimação cardiopulmonar. IV. As recomendações anteriores da AHA sobre a administração de epinefrina foram reafirmadas, com ênfase em sua administração mais precoce. As afirmativas corretas são","I, II e III, apenas.","I, III e IV, apenas.","II, III e IV, apenas.","I, II e IV, apenas.","I, II, III e IV.",B,enfermeiro,fgv,concurso-publico-ebserh-assistencial-edital-3-2024,urgencia-e-emergencia,parada-cardiorrespiratoria-e-rcp,2025,"As diretrizes AHA 2020 destacam a importancia dos cuidados pos-PCR (I), a monitorizacao continua de pressao arterial e capnografia durante a RCP (III) e reafirmam a administracao precoce de epinefrina (IV); o acesso intravenoso, nao o intraosseo, segue sendo a via de primeira escolha (II e falsa).",Empresa Brasileira de Serviços Hospitalares (EBSERH),Concurso Público EBSERH Edital 03/2024 — Enfermeiro (Grupo Enfermagem),,45,,,ACTIVE,banco-de-questoes-enfermagem,1.0
"Uma mulher de 55 anos foi admitida na clínica médica de um hospital com um quadro grave de crise hipertensiva já estabilizado, mas ainda em uso de medicações venosas. Ao exame físico, o enfermeiro identifica a presença de uma fístula arteriovenosa no membro superior direito com frêmito tátil para as sessões de hemodiálise e a necessidade de um novo acesso venoso periférico. Em relação ao atendimento a essa paciente, é correto afirmar que","o enfermeiro deve realizar a punção venosa para a administração das medicações anti-hipertensivas no membro superior direito, já que essa prática não afeta o acesso para hemodiálise.","o enfermeiro deve ter cautela com os acessos periféricos no membro superior direito, que apresenta a fístula arteriovenosa, mas devido à necessidade de controle rigoroso da pressão arterial, a medição deve ser alternada entre os membros superiores.",o enfermeiro deve realizar a punção venosa na própria fístula para não sobrecarregar a rede venosa da paciente.,"o membro superior direito pode ser utilizado para a punção venosa, desde que a veia escolhida seja próxima da fístula arteriovenosa.","o enfermeiro deve evitar a punção venosa e a medição da pressão arterial no membro com a fístula arteriovenosa, preferindo realizar esses procedimentos no membro superior esquerdo.",E,enfermeiro,fgv,concurso-publico-ebserh-assistencial-edital-3-2024,enfermagem-medico-cirurgica,metodos-dialiticos,2025,"Em pacientes com fistula arteriovenosa para hemodialise, puncoes venosas e afericao de pressao arterial devem ser evitadas no membro da fistula, para preservar o acesso vascular, sendo o membro contralateral a opcao adequada.",Empresa Brasileira de Serviços Hospitalares (EBSERH),Concurso Público EBSERH Edital 03/2024 — Enfermeiro (Grupo Enfermagem),,46,,,ACTIVE,banco-de-questoes-enfermagem,1.0
"Em uma unidade de emergência o enfermeiro de plantão atende um paciente de 58 anos, sexo masculino, com queixa de dor torácica que irradia para o membro superior esquerdo, apresentando pele fria, pálida e úmida, frequência cardíaca e frequência respiratória aumentadas, quando comparadas ao padrão normal para a faixa etária. Sobre esse atendimento, avalie as afirmativas a seguir. I. No exame físico o enfermeiro deve avaliar o nível de consciência, as bulhas cardíacas, a pressão arterial, os pulsos periféricos, auscultar os campos pulmonares, avaliar a motilidade intestinal, observar o débito urinário e verificar a existência de edema. II. O enfermeiro deve coletar dados iniciais sobre o estado atual do paciente e compará-los com a evolução do quadro clínico. Isso inclui investigar a história de dor ou desconforto torácico, dispneia, palpitações, fadiga incomum, síncope ou outros sinais que possam indicar isquemia miocárdica. III. O enfermeiro deve realizar um exame mais focado em sinais e sintomas relacionados às doenças do aparelho respiratório, como a asma, e solicitar ao médico prescrição de broncodilatadores para melhorar a dor torácica e os sinais vitais alterados. Está correto apenas o que se afirma em",I e III.,II e III.,III.,I.,I e II.,E,enfermeiro,fgv,concurso-publico-ebserh-assistencial-edital-3-2024,urgencia-e-emergencia,emergencias-cardiovasculares,2025,"O quadro descrito (dor toracica irradiada, sudorese fria, taquicardia/taquipneia) sugere sindrome coronariana aguda; a conduta de enfermagem envolve exame fisico completo e coleta sistematica da historia de sintomas sugestivos de isquemia miocardica, sem direcionar a investigacao para causas respiratorias como a asma.",Empresa Brasileira de Serviços Hospitalares (EBSERH),Concurso Público EBSERH Edital 03/2024 — Enfermeiro (Grupo Enfermagem),,47,,,ACTIVE,banco-de-questoes-enfermagem,1.0
"A Resolução Cofen nº 710/2022 atualiza a norma técnica referente à atuação da equipe de enfermagem no processo de doação, captação e transplante de órgãos, tecidos e células. Sobre essa atuação, avalie as afirmativas a seguir. I. Compete privativamente ao enfermeiro planejar, coordenar, executar, supervisionar e avaliar as ações do técnico de enfermagem, prestadas ao doador vivo ou falecido, a seus familiares e ao receptor, bem como ao material biológico para fins de transplante. II. A entrevista familiar, com a finalidade de doação de órgãos, tecidos e células, compete à equipe de enfermagem, podendo ser realizada pelo técnico de enfermagem ou enfermeiro. III. A assistência de enfermagem no processo de doação, captação e transplante de órgãos, tecidos e células deve seguir protocolos institucionais baseados em evidências científicas, conforme legislação vigente. Está correto o que se afirma em","I e II, apenas.","II e III, apenas.","I e III, apenas.","II, apenas.","I, II e III.",C,enfermeiro,fgv,concurso-publico-ebserh-assistencial-edital-3-2024,enfermagem-medico-cirurgica,doacao-e-transplante-de-orgaos,2025,"O planejamento, a execucao e a avaliacao do cuidado de enfermagem ao doador e ao receptor sao competencias privativas do enfermeiro (I), e a assistencia deve seguir protocolos institucionais baseados em evidencias (III); ja a entrevista familiar sobre doacao de orgaos e atribuicao privativa do enfermeiro, nao podendo ser realizada pelo tecnico de enfermagem, o que torna a afirmativa II incorreta.",Empresa Brasileira de Serviços Hospitalares (EBSERH),Concurso Público EBSERH Edital 03/2024 — Enfermeiro (Grupo Enfermagem),,48,,,ACTIVE,banco-de-questoes-enfermagem,1.0
"No contexto do gerenciamento de enfermagem em serviços de saúde, a atuação do enfermeiro gestor envolve a coordenação de processos que assegurem a qualidade da assistência e o bom funcionamento das equipes. Além de liderar a equipe de enfermagem, o enfermeiro desempenha a função de gerenciar estratégias de educação continuada, avaliar o desempenho dos profissionais e garantir o dimensionamento adequado do pessoal, conforme as necessidades assistenciais. Para assegurar a eficácia na gestão do processo de trabalho de enfermagem, é essencial que o enfermeiro compreenda as especificidades da liderança, avalie as condições organizacionais e aplique parâmetros técnicos na definição da carga de trabalho. Com base nesse contexto, avalie as afirmativas a seguir. I. Para que uma organização efetive a avaliação de desempenho como estratégia de desenvolvimento pessoal, é necessário que seja feito o diagnóstico situacional, ou seja, devem ser conhecidas a filosofia da organização, a dinâmica organizacional e as características dos recursos humanos. II. A estrutura administrativa que tem a educação continuada vinculada técnica e administrativamente ao departamento de enfermagem favorece para que a educação continuada tenha coordenação própria, autoridade nas próprias decisões e comunicação horizontal com as demais divisões. III. Considerando os parâmetros para o dimensionamento de enfermagem presentes no Parecer Normativo nº 1/2024 do Cofen, para efeito de cálculo, deverá ser observada a cláusula contratual adotada quanto a Carga Horária Semanal (CHS), a Taxa de Ocupação (TO) da Unidade de Internação e o Índice de Segurança Técnica (IST) de, no mínimo, 15% do total, dos quais 8,3% são referentes a férias e 6,7%, a ausências não previstas. Está correto o que se afirma em","I, apenas.","I e II, apenas.","I e III, apenas.","II e III, apenas.","I, II e III.",E,enfermeiro,fgv,concurso-publico-ebserh-assistencial-edital-3-2024,administracao-em-enfermagem,dimensionamento-de-pessoal-de-enfermagem,2025,"O diagnostico situacional previo (I), a autonomia e a comunicacao horizontal da educacao continuada vinculada ao departamento de enfermagem (II) e os parametros de dimensionamento previstos no Parecer Normativo Cofen no 1/2024 - CHS, TO e IST minimo de 15% (III) - estao todos corretos.",Empresa Brasileira de Serviços Hospitalares (EBSERH),Concurso Público EBSERH Edital 03/2024 — Enfermeiro (Grupo Enfermagem),,49,,,ACTIVE,banco-de-questoes-enfermagem,1.0
"A RDC nº 222, de 28 de março de 2018, que regulamenta as boas práticas de gerenciamento dos Resíduos de Serviços de Saúde (RSS), pretende minimizar os riscos inerentes ao gerenciamento de resíduos no país no que diz respeito à saúde humana e animal, bem como à proteção ao meio ambiente e aos recursos naturais renováveis. Tendo por base essa RDC, assinale a afirmativa correta sobre o gerenciamento dos Resíduos de Serviços de Saúde (RSS).","Os sacos para o acondicionamento de RSS do grupo A devem ser substituídos ao atingirem o limite de 2/3 de sua capacidade ou então a cada 48 horas, independentemente do volume, visando ao conforto ambiental e à segurança dos usuários e profissionais.",O esvaziamento ou reaproveitamento dos sacos podem ser feitos quando não houver sacos suficientes na instituição.,"Os sacos contendo RSS do grupo A de fácil putrefação devem ser substituídos no máximo a cada 48 horas, independentemente do volume.",Os RSS do grupo A que não precisam ser obrigatoriamente tratados e os RSS após o tratamento são considerados rejeitos e devem ser acondicionados em saco preto.,Os RSS do grupo A que obrigatoriamente precisam ser tratados devem ser acondicionados em sacos pretos.,A,enfermeiro,fgv,concurso-publico-ebserh-assistencial-edital-3-2024,biosseguranca,gerenciamento-de-residuos-de-servicos-de-saude,2025,"Pela RDC no 222/2018, os sacos para residuos do grupo A devem ser substituidos ao atingirem 2/3 da capacidade ou a cada 48 horas, o que ocorrer primeiro, independentemente do volume, por questoes de seguranca e conforto ambiental.",Empresa Brasileira de Serviços Hospitalares (EBSERH),Concurso Público EBSERH Edital 03/2024 — Enfermeiro (Grupo Enfermagem),,50,,,ACTIVE,banco-de-questoes-enfermagem,1.0
"O processo de enfermagem é um método que orienta o pensamento crítico e o julgamento clínico do enfermeiro direcionando a equipe de enfermagem para o cuidado. De acordo com a Resolução Cofen nº 736/2024, o objetivo da etapa de evolução de enfermagem é","avaliar os resultados alcançados de enfermagem e saúde, permitindo a análise e revisão de todo o processo de enfermagem.","registrar as condições iniciais de saúde do paciente, permitindo a análise e revisão de todo o processo de enfermagem.","formular os diagnósticos de enfermagem, permitindo a análise e revisão de todo o processo de enfermagem.","implementar as intervenções de enfermagem, permitindo a análise e revisão de todo o processo de enfermagem.","realizar o registro no prontuário do paciente, permitindo a análise e revisão de todo o processo de enfermagem.",A,enfermeiro,fgv,concurso-publico-ebserh-assistencial-edital-3-2024,sistematizacao-da-assistencia-de-enfermagem-sae,processo-de-enfermagem,2025,"Segundo a Resolucao Cofen no 736/2024, a etapa de avaliacao/evolucao de enfermagem tem como objetivo mensurar os resultados alcancados frente aos esperados, permitindo revisar e ajustar todo o processo de enfermagem.",Empresa Brasileira de Serviços Hospitalares (EBSERH),Concurso Público EBSERH Edital 03/2024 — Enfermeiro (Grupo Enfermagem),,51,,,ACTIVE,banco-de-questoes-enfermagem,1.0
"O processo de enfermagem deve ser realizado de forma deliberada e sistemática em todos os contextos socioambientais em que ocorre o cuidado de enfermagem. De acordo com a Resolução Cofen nº 736/2024, na etapa de planejamento de enfermagem, há elementos que devem ser considerados para o desenvolvimento de um plano assistencial eficaz, direcionado ao paciente, à família, à coletividade ou aos grupos especiais e compartilhado com a equipe de saúde. Avalie se tais elementos incluem: I. priorização de diagnósticos de enfermagem; II. determinação de resultados esperados e exequíveis de enfermagem e de saúde; III. tomada de decisão terapêutica, declarada pela prescrição de enfermagem das intervenções, ações/atividades e protocolos assistenciais; IV. priorização da prescrição médica. Estão corretos os itens","II, III e IV, apenas.","I, II e III, apenas.","I, II, III e IV.","I e IV, apenas.","III e IV, apenas.",B,enfermeiro,fgv,concurso-publico-ebserh-assistencial-edital-3-2024,sistematizacao-da-assistencia-de-enfermagem-sae,processo-de-enfermagem,2025,"O planejamento de enfermagem envolve priorizar diagnosticos (I), determinar resultados esperados e exequiveis (II) e definir a prescricao de enfermagem com as intervencoes pertinentes (III); a priorizacao da prescricao medica nao e um elemento do planejamento de enfermagem.",Empresa Brasileira de Serviços Hospitalares (EBSERH),Concurso Público EBSERH Edital 03/2024 — Enfermeiro (Grupo Enfermagem),,52,,,ACTIVE,banco-de-questoes-enfermagem,1.0
"Durante as etapas do período perioperatório, o enfermeiro desempenha papéis específicos para garantir a segurança e o bemestar do paciente. Assinale a opção que descreve corretamente uma ação correspondente ao período transoperatório.",Orientar o paciente e sua família sobre os cuidados necessários no domicílio após a alta hospitalar.,Verificar se o paciente realizou o jejum pré-operatório conforme recomendado.,Monitorar continuamente os sinais vitais e manter a segurança do paciente durante o procedimento cirúrgico.,Avaliar a dor e administrar analgésicos no período imediato após o procedimento.,Revisar exames pré-operatórios e obter o consentimento informado.,C,enfermeiro,fgv,concurso-publico-ebserh-assistencial-edital-3-2024,centro-cirurgico-e-cme,assistencia-de-enfermagem-perioperatoria,2025,"O periodo transoperatorio corresponde ao intervalo do proprio ato cirurgico, no qual o enfermeiro monitora continuamente os sinais vitais e a seguranca do paciente durante o procedimento.",Empresa Brasileira de Serviços Hospitalares (EBSERH),Concurso Público EBSERH Edital 03/2024 — Enfermeiro (Grupo Enfermagem),,53,,,ACTIVE,banco-de-questoes-enfermagem,1.0
"Durante a avaliação de um paciente hospitalizado, o enfermeiro observa um padrão respiratório caracterizado por ciclos de respiração que aumentam e diminuem em profundidade, seguidos de um período de apneia. Esse tipo de respiração é comumente associado a condições como insuficiência cardíaca ou lesões cerebrais. Esse padrão respiratório denomina-se",respiração de Biot.,respiração de Kussmaul.,taquipneia.,respiração de Cheyne-Stokes.,apneia.,D,enfermeiro,fgv,concurso-publico-ebserh-assistencial-edital-3-2024,fundamentos-de-enfermagem,exame-fisico,2025,"O padrao de ciclos crescentes e decrescentes de profundidade respiratoria intercalados por apneia e caracteristico da respiracao de Cheyne-Stokes, associada a insuficiencia cardiaca e lesoes neurologicas.",Empresa Brasileira de Serviços Hospitalares (EBSERH),Concurso Público EBSERH Edital 03/2024 — Enfermeiro (Grupo Enfermagem),,54,,,ACTIVE,banco-de-questoes-enfermagem,1.0
"Um paciente de 48 anos com doença renal crônica (DRC) estágio 4, está internado para o acompanhamento da progressão da doença. Durante a avaliação de enfermagem, ele relata fraqueza, náuseas frequentes e apresenta edema moderado em membros inferiores. Seus exames laboratoriais revelam Hb (hemoglobina) de 8,5 g/dL e fósforo sérico (P) de 6,8 mg/dL. A conduta correta a ser tomada pelo enfermeiro é",verificar com o médico a necessidade de suspender a administração de eritropoetina devido ao risco de aumento da fraqueza muscular.,incentivar a ingestão de alimentos ricos em fósforo para corrigir os níveis de anemia.,aumentar a ingestão de líquidos para diluir o fósforo sérico elevado e reduzir os efeitos da hiperfosfatemia.,solicitar exames de sangue para avaliar marcadores inflamatórios.,orientar sobre restrição de alimentos ricos em fósforo e administrar quelantes de fósforo conforme prescrição médica.,E,enfermeiro,fgv,concurso-publico-ebserh-assistencial-edital-3-2024,enfermagem-medico-cirurgica,doenca-renal-cronica-drc,2025,"Em paciente com DRC estagio 4, hiperfosfatemia (P 6,8 mg/dL) e anemia associada, a conduta correta e orientar restricao de fosforo na dieta e administrar quelantes de fosforo conforme prescricao medica, e nao aumentar a ingestao de liquidos ou de alimentos ricos em fosforo.",Empresa Brasileira de Serviços Hospitalares (EBSERH),Concurso Público EBSERH Edital 03/2024 — Enfermeiro (Grupo Enfermagem),,55,,,ACTIVE,banco-de-questoes-enfermagem,1.0
"As infecções da corrente sanguínea relacionadas a cateteres centrais (ICSRC) estão associadas a importantes desfechos desfavoráveis à saúde. Nos Estados Unidos da América (EUA), a mortalidade atribuível a essa síndrome geralmente ultrapassa os 10%, podendo chegar a 25% em pacientes de maior risco. Considerando as orientações descritas no Caderno de Medidas de Prevenção de Infecção Relacionada à Assistência à Saúde da Anvisa (2017), sobre as boas práticas de flushing e a manutenção do cateter periférico, é correto afirmar que",a aspiração para verificar o retorno de sangue antes de cada infusão é realizada para garantir a funcionalidade do cateter e prevenir complicações.,"o flushing pulsátil (push-pause) é preferível ao flushing contínuo, pois cria um fluxo laminar que evita a deposição de resíduos no lúmen do cateter.",o uso de água estéril é recomendado para flushing e lock de cateteres periféricos em pacientes com restrição hídrica.,"soluções em grandes volumes, como frascos de soro, são adequadas para a obtenção de flushing devido ao baixo custo e acessibilidade.",seringas menores que 10 mL devem ser utilizadas para gerar maior pressão durante o flushing e garantir a desobstrução do cateter.,A,enfermeiro,fgv,concurso-publico-ebserh-assistencial-edital-3-2024,fundamentos-de-enfermagem,terapia-intravenosa,2025,"A aspiracao para verificar o retorno de sangue antes de cada infusao e pratica recomendada pelo Caderno da Anvisa para confirmar a perviedade e a correta localizacao do cateter, prevenindo complicacoes relacionadas a infusao.",Empresa Brasileira de Serviços Hospitalares (EBSERH),Concurso Público EBSERH Edital 03/2024 — Enfermeiro (Grupo Enfermagem),,56,,,ACTIVE,banco-de-questoes-enfermagem,1.0
"A adoção de precauções padrão e precauções específicas por forma de transmissão é fundamental para a prevenção e o controle de infecções no ambiente hospitalar. Considerando as recomendações para a segurança individual e coletiva dos profissionais de saúde e pacientes, assinale a afirmativa correta.",O uso de Equipamentos de Proteção Individual (EPIs) é opcional para os procedimentos invasivos quando o profissional de saúde já possui imunidade adquirida contra infecções comuns no ambiente hospitalar.,O isolamento de pacientes com infecções transmitidas por gotículas requer a utilização de máscara cirúrgica por profissionais de saúde e visitantes que entram no quarto.,As precauções padrão devem ser aplicadas somente em pacientes diagnosticados com doenças infecciosas confirmadas.,A desinfecção de superfícies e equipamentos médicos é necessária apenas quando há evidências visíveis de contaminação por fluidos biológicos.,A precaução de contato exige o uso obrigatório de máscara N95 para todos os profissionais.,B,enfermeiro,fgv,concurso-publico-ebserh-assistencial-edital-3-2024,biosseguranca,precaucoes-e-isolamento,2025,"O isolamento por goticulas exige o uso de mascara cirurgica pelos profissionais e visitantes que entram no quarto do paciente, medida de precaucao especifica prevista nos protocolos de controle de infeccao.",Empresa Brasileira de Serviços Hospitalares (EBSERH),Concurso Público EBSERH Edital 03/2024 — Enfermeiro (Grupo Enfermagem),,57,,,ACTIVE,banco-de-questoes-enfermagem,1.0
"A Agência Nacional de Vigilância Sanitária (Anvisa), na RDC nº 15/2012, dispõe sobre requisitos de boas práticas para o processamento de produtos para saúde. Com base nessas diretrizes, avalie as afirmativas a seguir. I. O monitoramento do processo de esterilização com indicadores físicos deve ser registrado a cada ciclo de esterilização. II. O monitoramento com indicadores físicos é opcional, sendo realizado apenas quando houver falhas nos testes químicos ou biológicos. III. O uso de indicador biológico em produtos implantáveis é obrigatório em todas as cargas, e a liberação do material só deve ocorrer após a leitura negativa do indicador. IV. O indicador biológico deve ser utilizado diariamente e posicionado no ponto mais crítico da carga, conforme os estudos térmicos da qualificação do equipamento. Estão corretas as afirmativas","II e III, apenas.","I e III, apenas.","I, III e IV, apenas.","I e IV, apenas.","I, II, III e IV.",C,enfermeiro,fgv,concurso-publico-ebserh-assistencial-edital-3-2024,biosseguranca,reprocessamento-de-produtos-para-saude,2025,"O monitoramento com indicadores fisicos deve ser registrado a cada ciclo de esterilizacao, de forma obrigatoria - nao apenas quando ha falhas nos testes quimicos/biologicos -, o que torna a afirmativa II incorreta; ja o uso obrigatorio de indicador biologico em produtos implantaveis em todas as cargas (III), seu posicionamento diario no ponto mais critico da carga (IV) e o registro a cada ciclo (I) estao corretos.",Empresa Brasileira de Serviços Hospitalares (EBSERH),Concurso Público EBSERH Edital 03/2024 — Enfermeiro (Grupo Enfermagem),,58,,,ACTIVE,banco-de-questoes-enfermagem,1.0
"Um idoso de 78 anos chega à unidade básica de saúde acompanhado por sua filha, que relata que o pai apresenta perda de interesse por atividades e dificuldade em realizar tarefas simples do dia a dia. Durante a consulta, o enfermeiro identifica que o paciente apresenta lentidão ao caminhar e sinais de perda de peso recente. A ação prioritária na avaliação inicial do enfermeiro, considerando as síndromes geriátricas, é iniciar com a",identificação de sinais de desnutrição e realizar uma avaliação nutricional completa.,investigação de sinais de depressão utilizando um instrumento de rastreio validado.,avaliação de sinais de comprometimento cognitivo para investigar demência.,realização de triagem para síndrome da fragilidade.,avaliação do risco de quedas utilizando uma escala apropriada.,D,enfermeiro,fgv,concurso-publico-ebserh-assistencial-edital-3-2024,saude-do-idoso,agravos-a-saude-do-idoso,2025,"A perda de interesse, a lentidao da marcha e a perda de peso recente relatadas sao sinais classicos do fenotipo de fragilidade em idosos, justificando a triagem para sindrome da fragilidade como acao prioritaria na avaliacao inicial.",Empresa Brasileira de Serviços Hospitalares (EBSERH),Concurso Público EBSERH Edital 03/2024 — Enfermeiro (Grupo Enfermagem),,59,,,ACTIVE,banco-de-questoes-enfermagem,1.0
"Durante a ausculta cardíaca de um paciente, o enfermeiro posiciona o estetoscópio no quinto espaço intercostal, na linha médio-clavicular esquerda. A válvula cardíaca que está sendo avaliada nesse local é",o foco de Erb (ou Terceiro Foco).,a pulmonar.,a tricúspide.,a aórtica.,a mitral.,E,enfermeiro,fgv,concurso-publico-ebserh-assistencial-edital-3-2024,fundamentos-de-enfermagem,exame-fisico,2025,"O quinto espaco intercostal na linha hemiclavicular esquerda corresponde ao foco mitral (ictus cordis), ponto de melhor ausculta da valva mitral.",Empresa Brasileira de Serviços Hospitalares (EBSERH),Concurso Público EBSERH Edital 03/2024 — Enfermeiro (Grupo Enfermagem),,60,,,ACTIVE,banco-de-questoes-enfermagem,1.0
"De acordo com o texto ""O perfil do empreendedor negro no Brasil"", é correto afirmar que",a Feira Preta é uma evidência de que o empreendedorismo negro cresceu nos últimos anos.,"a população branca não tem conseguido crescer como empreendedora, abrindo o seu próprio negócio.",dos jovens que possuem curso superior ou ainda estão cursando um quarto deles já está empreendendo pela primeira vez.,"nos últimos anos o negro brasileiro tem descoberto que é empreendedor. Dessa forma, a pesquisa mostra que a ideia de empreendedorismo faz com que eles comecem a agir em busca de subsistência.",a falta de experiência não significa dificuldade para o início do empreendimento. A maior dificuldade ainda é o racismo que o negro encontra na sociedade.,A,enfermeiro,instituto-aocp,concurso-publico-ebserh-nacional-edital-03-2015-area-assistencial,portugues,interpretacao-de-texto,2016,"O texto descreve a Feira Preta crescendo de cerca de 40 empreendedores, na Praça Benedito Calixto, até se tornar o maior evento de cultura negra da América Latina, com mais de 120 mil visitantes em treze edições — evidência direta do crescimento do empreendedorismo negro. As demais alternativas extrapolam ou distorcem o texto (não há menção à população branca, o texto fala em 75% dos jovens, não um quarto, e a busca por subsistência é descrita como historicamente anterior, não recente).",Empresa Brasileira de Serviços Hospitalares (EBSERH),Concurso Público 09/2015 – EBSERH/Concurso Nacional — Edital nº 03 (Enfermeiro - Saúde Mental),3,1,,"interpretação de texto,empreendedorismo negro",ACTIVE,banco-de-questoes-enfermagem,1.0
Assinale a alternativa cujo termo em destaque NÃO indica quantidade.,"""...o empreendedor negro ainda enfrenta muitas dificuldades""","""Praticamente metade dos empreendedores têm menos de 40 anos"".","""Muito antes da formação do conceito de afroempreendedorismo"".","""Praticamente metade dos empreendedores têm menos de 40 anos"".","""Em treze edições, foram mais de 120 mil visitantes..."".",C,enfermeiro,instituto-aocp,concurso-publico-ebserh-nacional-edital-03-2015-area-assistencial,portugues,morfologia-classes-de-palavras,2016,"Em ""Muito antes da formação do conceito..."", ""muito"" funciona como advérbio de intensidade que modifica a locução temporal ""antes"", indicando grau/tempo, não quantidade de itens contáveis, diferentemente de ""muitas"" (dificuldades), ""metade"" e ""mais de 120 mil"" (visitantes), que quantificam substantivos.",Empresa Brasileira de Serviços Hospitalares (EBSERH),Concurso Público 09/2015 – EBSERH/Concurso Nacional — Edital nº 03 (Enfermeiro - Saúde Mental),4,2,,"classes de palavras,advérbio,quantificador",ACTIVE,banco-de-questoes-enfermagem,1.0
"Em ""A prática empreendedora vem crescendo no Brasil, sobretudo quando diz respeito à população negra"", a expressão em destaque pode ser substituída, sem prejuízo semântico, por",contudo.,além disso.,mormente.,somente.,inclusive.,C,enfermeiro,instituto-aocp,concurso-publico-ebserh-nacional-edital-03-2015-area-assistencial,portugues,semantica-e-vocabulario,2016,"""Sobretudo"" tem valor de ""principalmente/especialmente"", sentido equivalente ao advérbio ""mormente"". As demais opções alteram o sentido: ""contudo"" é adversativo, ""além disso"" é aditivo, ""somente"" é restritivo e ""inclusive"" tem valor de inclusão, não de destaque/preponderância.",Empresa Brasileira de Serviços Hospitalares (EBSERH),Concurso Público 09/2015 – EBSERH/Concurso Nacional — Edital nº 03 (Enfermeiro - Saúde Mental),4,3,,"semântica,sinônimo,advérbio",ACTIVE,banco-de-questoes-enfermagem,1.0
Assinale a alternativa que apresenta inadequação gramatical referente ao conteúdo exposto entre parênteses.,"""Há uma sinalização de que a juventude negra está seguindo uma mudança cultural"" (regência nominal).","""A maioria dos negócios está na categoria MEI"" (concordância verbal).","""...e um dos principais entraves se deve ao racismo institucionalizado brasileiro"" (colocação pronominal).","""Hoje, o empreendedor negro ultrapassou as fronteiras da subsistência e tem buscado aprimorar as suas habilidades e competências no que diz respeito à sua atitude empreendedora"" (crase).","""Praticamente metade dos empreendedores têm menos de 40 anos e, em relação aos jovens, 75% deles estão empreendendo"" (concordância verbal).",E,enfermeiro,instituto-aocp,concurso-publico-ebserh-nacional-edital-03-2015-area-assistencial,portugues,sintaxe,2016,"Em ""metade dos empreendedores têm"", a concordância verbal deveria ser feita, preferencialmente, com o núcleo ""metade"" (singular: ""tem""), sendo o plural ""têm"" uma inadequação frente à norma culta estrita — por isso a questão pede a alternativa que APRESENTA a inadequação, e as demais (A a D) descrevem corretamente construções gramaticalmente adequadas.",Empresa Brasileira de Serviços Hospitalares (EBSERH),Concurso Público 09/2015 – EBSERH/Concurso Nacional — Edital nº 03 (Enfermeiro - Saúde Mental),4,4,,"concordância verbal,regência,crase",ACTIVE,banco-de-questoes-enfermagem,1.0
"Assinale a alternativa cuja oração subordinada apresenta a mesma natureza da subordinada em ""Mas o estudo também observou que existe demanda crescente e oferta insuficiente de produtos e serviços"".","""Atualmente a maioria dos empreendedores são mulheres que abriram seus negócios por oportunidade"".","""Há uma sinalização de que a juventude negra está seguindo uma mudança cultural..."".","""Juventude negra está seguindo uma mudança cultural que vê forma de protagonizar uma transformação de alto impacto social e econômico"".","""Mesmo com a mudança do perfil empreendedor, o empreendedor negro ainda enfrenta muitas dificuldades, como também sinaliza a pesquisa"".","""O economista Marcelo Paixão, em publicação eletrônica de 2013 – Os empreendedores afro-brasileiros: um estudo exploratório a partir da MPE -, salienta que existem razões de ordem geral"".",B,enfermeiro,instituto-aocp,concurso-publico-ebserh-nacional-edital-03-2015-area-assistencial,portugues,sintaxe,2016,"A oração ""que existe demanda crescente..."" é uma subordinada substantiva objetiva direta (completa o verbo ""observou""). Em ""B"", ""que a juventude negra está seguindo..."" também é objetiva direta, completando ""sinalização de"" na mesma estrutura substantiva integrante. Em A e C as orações são adjetivas (com pronome relativo ""que"" retomando antecedente); em D e E são adverbiais/outras subordinadas substantivas com estrutura distinta.",Empresa Brasileira de Serviços Hospitalares (EBSERH),Concurso Público 09/2015 – EBSERH/Concurso Nacional — Edital nº 03 (Enfermeiro - Saúde Mental),4,5,,"orações subordinadas,substantiva objetiva direta",ACTIVE,banco-de-questoes-enfermagem,1.0
Assinale a alternativa correta quanto à regência (verbal ou nominal) e ao uso da crase ou falta dela no item em destaque nos textos a seguir.,"""Antes de pedir qualquer perdão à Deus veja se, realmente, você mesmo já se perdoou!"" — Marco Aurélio",Brasileiros conectados preferem a Internet à televisão — Um relatório da Forrester diz que a adoção da internet no Brasil e no México alcançará 57% e 48%...,"(...) Logo, a lei eterna, que é a lei de Deus, não estão sujeitos todos os homens. (...)","Punição a pais por faltas à reuniões escolares pode ser agravada — Senadores da Comissão de Educação, Cultura e Esporte (CE) divergiram...",PROIBIDO ESTACIONAR / SUJEITO À GUINCHO,B,enfermeiro,instituto-aocp,concurso-publico-ebserh-nacional-edital-03-2015-area-assistencial,portugues,crase,2016,"Em ""preferem a Internet à televisão"", o verbo ""preferir"" rege a primeira opção com preposição ""a"" (sem crase, termo feminino sem artigo obrigatório de regência) e a segunda com ""à"" (a + artigo ""a"" de ""a televisão""), configuração corretamente empregada. Em A, ""perdão a Deus"" não admite crase (Deus não é regido por artigo definido feminino); em C, falta crase em ""à qual""/""a que"" estão sujeitos; em D, ""faltas a reuniões"" não admite crase (substantivo feminino plural indeterminado); em E, a crase em ""sujeito à guincho"" está incorreta pois ""guincho"" é substantivo masculino.",Empresa Brasileira de Serviços Hospitalares (EBSERH),Concurso Público 09/2015 – EBSERH/Concurso Nacional — Edital nº 03 (Enfermeiro - Saúde Mental),4,6,,"crase,regência verbal",ACTIVE,banco-de-questoes-enfermagem,1.0
"Assinale a alternativa correta quanto ao que se pode depreender das informações referentes ao texto (tirinha ""A origem das espécies"").","""Pescoção"" é um termo muitas vezes utilizado com o sentido de pancada desferida com a mão aberta contra uma pessoa. Leva o nome também de pescoçada. Se, no segundo quadrinho, o autor da tirinha tivesse utilizado o termo ""pescoçada"", o efeito de sentido do terceiro quadrinho continuaria inalterado.",A girafa sempre teve pescoço comprido.,"Depois que Deus pediu para a girafa parar de falar, ela parou.","Pelo terceiro quadrinho, é possível verificar a ambiguidade (sentido figurado e literal) do termo ""pescoção"".",Não é possível nesse texto fazer qualquer inferência relacionada à origem do mundo escrita no livro bíblico de Gênesis.,D,enfermeiro,instituto-aocp,concurso-publico-ebserh-nacional-edital-03-2015-area-assistencial,portugues,interpretacao-de-texto,2016,"A tirinha brinca com ""pescoção"" em sentido literal (o aumentativo de ""pescoço"", explicando por que a girafa tem o pescoço longo) e em sentido figurado (a pancada/ameaça dada no segundo quadrinho) — essa dupla leitura no terceiro quadrinho é o efeito humorístico central, caracterizando ambiguidade proposital.",Empresa Brasileira de Serviços Hospitalares (EBSERH),Concurso Público 09/2015 – EBSERH/Concurso Nacional — Edital nº 03 (Enfermeiro - Saúde Mental),5,7,,"interpretação de texto,tirinha,ambiguidade",ACTIVE,banco-de-questoes-enfermagem,1.0
"Assinale a alternativa correta quanto ao que se afirma (tirinha ""A origem das espécies"").","o ""ão"" no termo ""pescoção"" indica grau aumentativo. Não é possível dizer, portanto, que houve flexão de gênero na palavra.","No primeiro quadrinho, ""das espécies"" é uma locução adjetiva que poderia ser substituída por seu adjetivo equivalente: ""específica"".","O termo ""assim"", no terceiro quadrinho, remete ao que foi apresentado no segundo quadrinho.","Sem prejuízo no efeito de sentido da tirinha, a expressão ""eu te dou um pescoção"" poderia ser substituída por ""eu dou um pescoção em você"".","O verbo avisar, no terceiro quadrinho, não está acompanhado de complemento, o que significa que ele é um verbo intransitivo.",A,enfermeiro,instituto-aocp,concurso-publico-ebserh-nacional-edital-03-2015-area-assistencial,portugues,morfologia-classes-de-palavras,2016,"""Pescoção"" deriva de ""pescoço"" (substantivo masculino) por sufixação aumentativa (""-ão""), sem qualquer flexão de gênero envolvida — apenas grau. As demais alternativas contêm erros: ""das espécies"" não equivale a ""específica"" (equivaleria a ""específicas"", com erro de concordância, e alteraria o sentido); ""assim"" retoma o ato de avisar do enunciador, não o conteúdo do segundo quadrinho isoladamente; a paráfrase de D perde a construção idiomática de ameaça; e ""avisei"" tem complemento oculto/subentendido no contexto (não é intransitivo absoluto).",Empresa Brasileira de Serviços Hospitalares (EBSERH),Concurso Público 09/2015 – EBSERH/Concurso Nacional — Edital nº 03 (Enfermeiro - Saúde Mental),5,8,,"morfologia,grau,gênero gramatical",ACTIVE,banco-de-questoes-enfermagem,1.0
"No período ""Se você não parar, eu te dou um pescoção"", há, entre as orações, uma relação de ideias que expressa",concessão.,condição.,causa.,finalidade.,proporção.,B,enfermeiro,instituto-aocp,concurso-publico-ebserh-nacional-edital-03-2015-area-assistencial,portugues,sintaxe,2016,"A oração iniciada por ""se"" introduz uma condição (""se você não parar"") da qual depende a realização do fato expresso na oração principal (""eu te dou um pescoção"") — clássica oração subordinada adverbial condicional.",Empresa Brasileira de Serviços Hospitalares (EBSERH),Concurso Público 09/2015 – EBSERH/Concurso Nacional — Edital nº 03 (Enfermeiro - Saúde Mental),6,9,,"orações subordinadas adverbiais,condição",ACTIVE,banco-de-questoes-enfermagem,1.0
Assinale a alternativa correta referente aos encontros das letras e dos sons que ocorrem na língua portuguesa.,"Na palavra ""pesquisa"" há, respectivamente, um encontro consonantal e um ditongo.","Em ""crescente"" há, respectivamente, três encontros consonantais: ""cr"", ""sc"" e ""nt"".","Há dígrafo na palavra ""negro"".","Há dígrafo na palavra ""empreender"".","Há dígrafo na palavra ""igualdade"".",B,enfermeiro,instituto-aocp,concurso-publico-ebserh-nacional-edital-03-2015-area-assistencial,portugues,ortografia,2016,"Em ""crescente"", ""cr"", ""sc"" e ""nt"" são de fato encontros consonantais (grupos de consoantes pronunciadas separadamente, sem formar um único fonema), contabilizando corretamente os três apontados. ""Pesquisa"" tem o dígrafo ""qu"" (não um encontro consonantal simples) e nenhum ditongo evidente na sequência apontada; ""negro"" (""gr"") e ""empreender"" (""pr"", ""nd"") têm encontros consonantais, não dígrafos; ""igualdade"" não contém dígrafo.",Empresa Brasileira de Serviços Hospitalares (EBSERH),Concurso Público 09/2015 – EBSERH/Concurso Nacional — Edital nº 03 (Enfermeiro - Saúde Mental),6,10,,"encontros consonantais,dígrafo,fonética",ACTIVE,banco-de-questoes-enfermagem,1.0
"Em uma sala de aula, 55% dos alunos vão prestar vestibular para a área de exatas e desses alunos 36% para o curso de matemática. Qual é a porcentagem de alunos dessa sala de aula que vão prestar vestibular para matemática?","1,98%.","19,8%.",20%.,"21,7%.","22,9%.",B,enfermeiro,instituto-aocp,concurso-publico-ebserh-nacional-edital-03-2015-area-assistencial,raciocinio-logico,porcentagem-e-numeros-decimais,2016,"0,55 × 0,36 = 0,198, ou seja, 19,8% do total da sala — cálculo direto de porcentagem de porcentagem.",Empresa Brasileira de Serviços Hospitalares (EBSERH),Concurso Público 09/2015 – EBSERH/Concurso Nacional — Edital nº 03 (Enfermeiro - Saúde Mental),6,11,,"porcentagem,proporção",ACTIVE,banco-de-questoes-enfermagem,1.0
"Qual é a negação da frase ""Todas as pessoas gostam de assistir televisão""?",Existem pessoas que não gostam de assistir televisão.,Existe apenas uma pessoa que não gosta de assistir televisão.,Existe apenas uma pessoa que gosta de assistir televisão.,Nenhuma pessoa gosta de assistir televisão.,Nenhuma pessoa assiste televisão.,A,enfermeiro,instituto-aocp,concurso-publico-ebserh-nacional-edital-03-2015-area-assistencial,raciocinio-logico,logica-proposicional,2016,"A negação lógica de um quantificador universal (""todas"") é um quantificador existencial da proposição negada (""existe pelo menos uma que não""), regra clássica de lógica proposicional/de predicados.",Empresa Brasileira de Serviços Hospitalares (EBSERH),Concurso Público 09/2015 – EBSERH/Concurso Nacional — Edital nº 03 (Enfermeiro - Saúde Mental),6,12,,"lógica proposicional,negação,quantificadores",ACTIVE,banco-de-questoes-enfermagem,1.0
"Carla recebeu de seu emprego o salário de R$ 2500,00. Desse valor, ela separou três quartos de quatro quintos para pagar as despesas de sua casa. Qual é o valor do aluguel de Carla, sabendo que ele corresponde a 65% do valor que ela separou?","R$ 1500,00.","R$ 1350,00.","R$ 1135,00.","R$ 995,00.","R$ 975,00.",E,enfermeiro,instituto-aocp,concurso-publico-ebserh-nacional-edital-03-2015-area-assistencial,raciocinio-logico,porcentagem-e-numeros-decimais,2016,"3/4 × 4/5 = 3/5 de 2500 = 1500,00 (valor separado para despesas). 65% de 1500 = 975,00 — resultado da alternativa E.",Empresa Brasileira de Serviços Hospitalares (EBSERH),Concurso Público 09/2015 – EBSERH/Concurso Nacional — Edital nº 03 (Enfermeiro - Saúde Mental),6,13,,"frações,porcentagem",ACTIVE,banco-de-questoes-enfermagem,1.0
"Seis amigos formaram uma fila de acordo com a medida de suas alturas, sendo o primeiro o mais baixo dos amigos e o sexto o mais alto. Sendo assim, qual é a medida da altura do mais alto, sabendo que o primeiro mede 1,61 metros, o segundo mede 1,63 metros, e a diferença entre as medidas das alturas é sempre a mesma?","1,67 metros.","1,69 metros.","1,71 metros.","1,73 metros.","1,75 metros.",C,enfermeiro,instituto-aocp,concurso-publico-ebserh-nacional-edital-03-2015-area-assistencial,raciocinio-logico,sequencias-logicas,2016,"Progressão aritmética de razão r = 0,02 m (diferença entre o 2º e o 1º termo). Sexto termo: a6 = a1 + 5r = 1,61 + 5×0,02 = 1,71 metros.",Empresa Brasileira de Serviços Hospitalares (EBSERH),Concurso Público 09/2015 – EBSERH/Concurso Nacional — Edital nº 03 (Enfermeiro - Saúde Mental),6,14,,"progressão aritmética,sequências lógicas",ACTIVE,banco-de-questoes-enfermagem,1.0
"Em uma pesquisa feita com um grupo de 160 pessoas, descobriu-se que 60% gosta de chocolate ao leite e 40% gosta de chocolate amargo, mas não gosta de chocolate ao leite. Dos que gostam de chocolate ao leite, 25% também gosta de chocolate amargo. Desse grupo de 160 pessoas, o número de pessoas que gosta de chocolate amargo é de",24.,64.,72.,88.,90.,D,enfermeiro,instituto-aocp,concurso-publico-ebserh-nacional-edital-03-2015-area-assistencial,raciocinio-logico,teoria-dos-conjuntos,2016,60% de 160 = 96 gostam de chocolate ao leite; 25% desses (24 pessoas) também gostam de amargo. 40% de 160 = 64 gostam apenas de amargo. Total que gosta de amargo = 64 + 24 = 88 — teoria dos conjuntos com interseção.,Empresa Brasileira de Serviços Hospitalares (EBSERH),Concurso Público 09/2015 – EBSERH/Concurso Nacional — Edital nº 03 (Enfermeiro - Saúde Mental),6,15,,"teoria dos conjuntos,porcentagem,interseção",ACTIVE,banco-de-questoes-enfermagem,1.0
"De acordo com o que dispõe a Lei 12.550/11 acerca da Empresa Brasileira de Serviços Hospitalares – EBSERH, assinale a alternativa correta.","A EBSERH tem personalidade jurídica de direito público e patrimônio próprio, sendo vinculada ao Ministério da Saúde, com prazo de duração indeterminado.",É vedado à EBSERH criar subsidiárias para o desenvolvimento de qualquer das atividades inerentes ao seu objeto social.,A EBSERH terá seu capital social integralmente sob a propriedade da União.,"A EBSERH terá por finalidade a prestação às instituições públicas federais de ensino ou instituições congêneres de serviços de apoio ao ensino no campo da saúde pública, sendo vedada a prestação de serviços gratuitos de assistência médico-hospitalar à comunidade.","A integralização do capital social da EBSERH será realizada com recursos oriundos de dotações consignadas no orçamento da União, vedada a incorporação de qualquer outra espécie de bens e direitos suscetíveis de avaliação em dinheiro.",C,enfermeiro,instituto-aocp,concurso-publico-ebserh-nacional-edital-03-2015-area-assistencial,legislacao-aplicada-a-ebserh,lei-12550-2011,2016,"A Lei nº 12.550/2011, art. 3º, estabelece que o capital social da EBSERH pertence integralmente à União. A EBSERH tem personalidade jurídica de direito PRIVADO (não público) e é vinculada ao Ministério da EDUCAÇÃO (não da Saúde); pode constituir subsidiárias; presta sim assistência médico-hospitalar gratuita à comunidade como parte de sua finalidade.",Empresa Brasileira de Serviços Hospitalares (EBSERH),Concurso Público 09/2015 – EBSERH/Concurso Nacional — Edital nº 03 (Enfermeiro - Saúde Mental),7,16,Lei nº 12.550/2011,"EBSERH,capital social,natureza jurídica",ACTIVE,banco-de-questoes-enfermagem,1.0
"De acordo com o Estatuto Social da Empresa Brasileira de Serviços Hospitalares – EBSERH, aprovado pelo Decreto nº 7.661, de 28 de dezembro de 2011, tendo em vista as disposições referentes à Diretoria, assinale a alternativa correta.","O Presidente e os Diretores da EBSERH serão nomeados dentre brasileiros com pelo menos dois anos de efetiva atividade profissional que exija conhecimentos na área de gestão, da atenção hospitalar e do ensino em saúde.","A Diretoria reunir-se-á, ordinariamente, uma vez por semana e, extraordinariamente, sempre que convocada pelo Presidente da EBSERH, deliberando com a presença da maioria de seus membros.","Compete à Diretoria autorizar a aquisição, alienação e oneração de bens móveis, inclusive valores mobiliários, podendo estabelecer normas, sendo vedada a delegação de poderes.","Os contratos que a EBSERH celebrar ou em que vier a intervir e os atos que envolvam obrigações ou responsabilidades por parte da empresa serão assinados pelo Presidente, em conjunto com os oito Diretores.","Os títulos ou documentos emitidos em decorrência de obrigações contratuais, bem como os cheques e outras obrigações de pagamento, serão assinados exclusivamente pelo Presidente, sendo vedada a delegação dessa atribuição.",B,enfermeiro,instituto-aocp,concurso-publico-ebserh-nacional-edital-03-2015-area-assistencial,legislacao-aplicada-a-ebserh,estatuto-da-ebserh,2016,"O Estatuto Social (Decreto nº 7.661/2011) prevê reunião ordinária semanal da Diretoria, com deliberação por maioria de seus membros, convocação extraordinária pelo Presidente. As demais alternativas invertem exigências (o requisito de experiência é geralmente maior que dois anos), preveem indevidamente vedação total à delegação de poderes, ou atribuem assinaturas de forma diferente do previsto no Estatuto.",Empresa Brasileira de Serviços Hospitalares (EBSERH),Concurso Público 09/2015 – EBSERH/Concurso Nacional — Edital nº 03 (Enfermeiro - Saúde Mental),7,17,Decreto nº 7.661/2011 — Estatuto Social da EBSERH,"EBSERH,diretoria,estatuto social",ACTIVE,banco-de-questoes-enfermagem,1.0
"De acordo com o Regimento Interno da EBSERH - 2ª revisão, a EBSERH será administrada por uma Diretoria Executiva composta:","pelo Presidente e até seis Diretores, todos nomeados e destituíveis, a qualquer tempo, pelo Presidente da República, por indicação do Ministro de Estado da Educação.","pelo Presidente e até dois Diretores, todos nomeados e destituíveis, a qualquer tempo, pelo Presidente da República, por indicação do Ministro de Estado da Saúde.","pelo Presidente e até quatro Diretores, todos nomeados e destituíveis, a qualquer tempo, pelo Presidente da República, por indicação do Ministro de Estado da Educação.","pelo Presidente e até quatro Diretores, todos nomeados e destituíveis, a qualquer tempo, pelo Ministro de Estado da Educação, por indicação do Presidente da República.","pelo Presidente e até seis Diretores, todos nomeados e destituíveis, a qualquer tempo, pelo Ministro de Estado da Saúde, por indicação do Presidente da República.",A,enfermeiro,instituto-aocp,concurso-publico-ebserh-nacional-edital-03-2015-area-assistencial,legislacao-aplicada-a-ebserh,regimento-interno-da-administracao-central,2016,"O Regimento Interno da EBSERH prevê Diretoria Executiva composta pelo Presidente e até seis Diretores, nomeados/destituíveis pelo Presidente da República por indicação do Ministro da Educação (vínculo institucional da EBSERH ao MEC, não ao Ministério da Saúde).",Empresa Brasileira de Serviços Hospitalares (EBSERH),Concurso Público 09/2015 – EBSERH/Concurso Nacional — Edital nº 03 (Enfermeiro - Saúde Mental),7,18,Regimento Interno da EBSERH — 2ª revisão,"EBSERH,diretoria executiva,regimento interno",ACTIVE,banco-de-questoes-enfermagem,1.0
"De acordo com o que dispõe o Regimento Interno da EBSERH - 2ª revisão, o mandato dos membros do Conselho Fiscal","será de um ano, contado a partir de 1º de janeiro do ano seguinte ao da publicação do ato de nomeação, podendo ser reconduzido por igual período.","será de quatro anos, contados a partir de 1º de janeiro do ano seguinte ao da publicação do ato de nomeação, vedada a recondução.","será de quatro anos, contados a partir da data de publicação do ato de nomeação, podendo ser reconduzidos por igual período.","será de dois anos, contados a partir de 1º de janeiro do ano seguinte ao da publicação do ato de nomeação, vedada a recondução.","será de dois anos, contados a partir da data de publicação do ato de nomeação, podendo ser reconduzidos por igual período.",E,enfermeiro,instituto-aocp,concurso-publico-ebserh-nacional-edital-03-2015-area-assistencial,legislacao-aplicada-a-ebserh,regimento-interno-da-administracao-central,2016,"O Regimento Interno estabelece mandato de dois anos para o Conselho Fiscal, contado da data de publicação do ato de nomeação, admitida recondução por igual período — as demais alternativas alteram prazo, termo inicial de contagem ou vedam indevidamente a recondução.",Empresa Brasileira de Serviços Hospitalares (EBSERH),Concurso Público 09/2015 – EBSERH/Concurso Nacional — Edital nº 03 (Enfermeiro - Saúde Mental),7,19,Regimento Interno da EBSERH — 2ª revisão,"EBSERH,conselho fiscal,mandato",ACTIVE,banco-de-questoes-enfermagem,1.0
"De acordo com o Regimento Interno da EBSERH - 2ª revisão, o órgão permanente da EBSERH que tem a finalidade de oferecer consultoria e apoio à Diretoria Executiva e ao Conselho de Administração, além de avaliar e fazer sugestões em relação ao papel social da EBSERH, de acordo com seus objetivos específicos na sociedade, é",a Comissão de Ética.,o Comitê Interno de Gestão do REHUF (Programa Nacional de Reestruturação dos Hospitais Universitários Federais).,a Ouvidoria Geral.,o Conselho Consultivo.,a Comissão de Controle Interno.,D,enfermeiro,instituto-aocp,concurso-publico-ebserh-nacional-edital-03-2015-area-assistencial,legislacao-aplicada-a-ebserh,regimento-interno-da-administracao-central,2016,"O Regimento Interno atribui exatamente essa função de consultoria/apoio à Diretoria Executiva e ao Conselho de Administração e de avaliação do papel social da empresa ao Conselho Consultivo, órgão distinto da Comissão de Ética (foco disciplinar/ético), da Ouvidoria (canal de manifestação de usuários/servidores) e da Comissão de Controle Interno (fiscalização).",Empresa Brasileira de Serviços Hospitalares (EBSERH),Concurso Público 09/2015 – EBSERH/Concurso Nacional — Edital nº 03 (Enfermeiro - Saúde Mental),8,20,Regimento Interno da EBSERH — 2ª revisão,"EBSERH,conselho consultivo,regimento interno",ACTIVE,banco-de-questoes-enfermagem,1.0
"De acordo com o que dispõe a Constituição Federal, assinale a alternativa correta.","A saúde compreende um conjunto integrado de ações de iniciativa dos Poderes Públicos e da sociedade, destinadas a assegurar os direitos relativos à seguridade social, à educação, à previdência e à assistência social.","A seguridade social compreende um conjunto integrado de ações de iniciativa dos Poderes Públicos e da sociedade, destinadas a assegurar os direitos relativos à saúde, à previdência e à assistência social.","A seguridade social compreende um conjunto integrado de ações de iniciativa dos Poderes Públicos e da sociedade, destinadas a assegurar os direitos relativos à saúde, à educação e à assistência social.","A assistência social compreende um conjunto integrado de ações de iniciativa dos Poderes Públicos e da sociedade, destinadas a assegurar os direitos relativos à saúde, à educação, à previdência e à seguridade social.","A previdência social compreende um conjunto integrado de ações de iniciativa dos Poderes Públicos e da sociedade, destinadas a assegurar os direitos relativos à saúde, à educação e à seguridade social.",B,enfermeiro,instituto-aocp,concurso-publico-ebserh-nacional-edital-03-2015-area-assistencial,legislacao-do-sus,constituicao-federal-1988-seguridade-social,2016,"Reprodução literal do art. 194 da Constituição Federal de 1988: a Seguridade Social é o gênero que engloba as três espécies — saúde, previdência social e assistência social — organizadas pelo Poder Público com base em objetivos comuns.",Empresa Brasileira de Serviços Hospitalares (EBSERH),Concurso Público 09/2015 – EBSERH/Concurso Nacional — Edital nº 03 (Enfermeiro - Saúde Mental),8,21,"Constituição Federal de 1988, art. 194","seguridade social,constituição federal",ACTIVE,banco-de-questoes-enfermagem,1.0
"De acordo com o que dispõe a Lei 8.142/90, acerca do Conselho de Saúde, assinale a alternativa correta.",Tem caráter permanente e deliberativo.,Reunir-se-á a cada quatro anos com a representação dos municípios para avaliar a situação da assistência social.,Tem como função precípua avaliar a situação da saúde e da assistência social em âmbito estadual.,É um órgão municipal formado somente quando convocado pelo Poder Executivo.,É formado pela reunião dos Secretários de Saúde municipais e pelo Ministro da Saúde.,A,enfermeiro,instituto-aocp,concurso-publico-ebserh-nacional-edital-03-2015-area-assistencial,legislacao-do-sus,lei-8142-1990-e-controle-social,2016,"A Lei nº 8.142/1990, art. 1º, §2º, define o Conselho de Saúde como órgão colegiado, de caráter permanente e deliberativo, atuando na formulação de estratégias e no controle da execução da política de saúde na esfera correspondente. As demais alternativas descrevem incorretamente periodicidade, âmbito e composição.",Empresa Brasileira de Serviços Hospitalares (EBSERH),Concurso Público 09/2015 – EBSERH/Concurso Nacional — Edital nº 03 (Enfermeiro - Saúde Mental),8,22,"Lei nº 8.142/1990, art. 1º, §2º","conselho de saúde,controle social,SUS",ACTIVE,banco-de-questoes-enfermagem,1.0
"De acordo com o Decreto Presidencial nº. 7.508, de 28 de junho de 2011, acerca da Relação Nacional de Ações e Serviços de Saúde – RENASES –, assinale a alternativa correta.","Será acompanhada do Formulário Terapêutico Nacional - FTN que subsidiará a prescrição, a dispensação e o uso dos seus medicamentos.",Tem como função única efetuar a padronização de medicamentos indicados para atendimento de doenças ou de agravos no âmbito do SUS.,"Tem como função precípua estabelecer os Protocolos Clínicos e Diretrizes Terapêuticas em âmbito nacional, observadas as diretrizes pactuadas pela Comissão Intergestores Bipartite - CIB.",Compreende todas as ações e serviços que o SUS oferece ao usuário para atendimento da integralidade da assistência à saúde.,"A cada quatro anos, o Ministério da Saúde consolidará e publicará as atualizações da RENASES.",D,enfermeiro,instituto-aocp,concurso-publico-ebserh-nacional-edital-03-2015-area-assistencial,legislacao-do-sus,decreto-7508-2011,2016,"O Decreto nº 7.508/2011, art. 3º, define a RENASES como o conjunto de todas as ações e serviços que o SUS oferece ao usuário para atendimento da integralidade da assistência à saúde — descrição correspondente à alternativa D. O FTN (Formulário Terapêutico Nacional) é vinculado à RENAME, não à RENASES; a padronização de medicamentos e os Protocolos Clínicos também pertencem à RENAME, não à RENASES.",Empresa Brasileira de Serviços Hospitalares (EBSERH),Concurso Público 09/2015 – EBSERH/Concurso Nacional — Edital nº 03 (Enfermeiro - Saúde Mental),8,23,"Decreto nº 7.508/2011, art. 3º","RENASES,SUS,decreto 7508",ACTIVE,banco-de-questoes-enfermagem,1.0
"De acordo com o que dispõe a Lei 8.080/90, entende-se por Vigilância Epidemiológica","a formulação da política de medicamentos, equipamentos, imunobiológicos e outros insumos de interesse para a saúde e a participação na sua produção",a participação na formulação da política e na execução de ações de saneamento básico.,"um conjunto de ações que proporcionam o conhecimento, a detecção ou prevenção de qualquer mudança nos fatores determinantes e condicionantes de saúde individual ou coletiva, com a finalidade de recomendar e adotar as medidas de prevenção e controle das doenças ou agravos.","um conjunto de ações capaz de eliminar, diminuir ou prevenir riscos à saúde e de intervir nos problemas sanitários decorrentes do meio ambiente, da produção e circulação de bens e da prestação de serviços de interesse da saúde.","o controle de bens de consumo que, direta ou indiretamente, se relacionem com a saúde, compreendidas todas as etapas e processos, da produção ao consumo.",C,enfermeiro,instituto-aocp,concurso-publico-ebserh-nacional-edital-03-2015-area-assistencial,legislacao-do-sus,lei-8080-1990,2016,"Definição literal do art. 6º, §2º, da Lei nº 8.080/1990. A alternativa D descreve, na verdade, Vigilância Sanitária (art. 6º, §1º), e as demais correspondem a outras atribuições do SUS não relacionadas à Vigilância Epidemiológica.",Empresa Brasileira de Serviços Hospitalares (EBSERH),Concurso Público 09/2015 – EBSERH/Concurso Nacional — Edital nº 03 (Enfermeiro - Saúde Mental),8,24,"Lei nº 8.080/1990, art. 6º, §2º","vigilância epidemiológica,SUS,lei 8080",ACTIVE,banco-de-questoes-enfermagem,1.0
"De acordo com o que dispõe a Resolução 453/2012 do Conselho Nacional da Saúde, as funções, como membro do Conselho de Saúde,","são remuneradas por meio de função gratificada, com acréscimo de 20% sobre o subsidio do servidor, quando houver cumulação das funções de conselheiro e servidor.","não são remuneradas em pecúnia, mas para cada dia de exercício da função serão acrescidos 3 (três) dias ao período de férias do trabalhador.","não são remuneradas em pecúnia, mas para cada dia de exercício da função serão acrescidos 5 (cinco) dias ao período de férias do trabalhador.","são remuneradas por meio de função gratificada, com acréscimo de 10% sobre o subsídio do servidor, que deverá permanecer afastado de seu cargo, sendo vedada a cumulação das funções.","não serão remuneradas, considerando-se o seu exercício de relevância pública e, portanto, garante a dispensa do trabalho sem prejuízo para o conselheiro.",E,enfermeiro,instituto-aocp,concurso-publico-ebserh-nacional-edital-03-2015-area-assistencial,legislacao-do-sus,resolucao-453-2012-conselhos-de-saude,2016,"A Resolução nº 453/2012 do CNS estabelece que a atuação como conselheiro de saúde é considerada de relevância pública e não é remunerada, garantindo-se a dispensa do trabalho sem prejuízo para o conselheiro — as demais alternativas inventam formas de remuneração/gratificação inexistentes na norma.",Empresa Brasileira de Serviços Hospitalares (EBSERH),Concurso Público 09/2015 – EBSERH/Concurso Nacional — Edital nº 03 (Enfermeiro - Saúde Mental),8,25,"Resolução nº 453/2012, Conselho Nacional de Saúde","conselho de saúde,resolução 453,controle social",ACTIVE,banco-de-questoes-enfermagem,1.0
"A relação terapêutica é uma interação entre duas pessoas (geralmente um cuidador e a pessoa que recebe os cuidados) na qual as interações de ambos os participantes contribuem para um clima de cura, promoção de crescimento e/ou prevenção de doenças. A seguir, são listadas algumas atitudes do enfermeiro para a pessoa com transtorno mental: 1. estabelecer acordos e cumprir os combinados; 2. proporcionar um ambiente tranquilo, retirando jornais e relógios do ambiente, para que o doente não se preocupe com o mundo externo; 3. participar das atividades oferecidas ao paciente quando ele está relutante em ir sozinho; 4. levar em consideração as preferências, solicitações e opiniões do paciente nas decisões sobre o seu tratamento; 5. evitar um relacionamento próximo com os pacientes a fim de evitar que eles confundam o enfermeiro com um membro da família ou pessoa conhecida; 6. assegurar ao paciente a confidencialidade, garantindo a ele que os assuntos discutidos somente poderão ser transmitidos à equipe de saúde e familiares; 7. explicar de modo simples e claro as normas e rotinas da unidade, de maneira que os pacientes compreendam os motivos de tais regras. Em relação a essas atitudes, assinale a alternativa correta.","1, 3 e 4 descrevem atitudes de um enfermeiro submisso e com dificuldades em manter a ordem e o controle.",5 e 6 reforçam a família como base do tratamento.,"4 mostra uma atitude a ser evitada, uma vez que o paciente psiquiátrico não apresenta o juízo crítico preservado a ponto de tomar decisões.","2, 5 e 6 descrevem atitudes fundamentais na prática do enfermeiro psiquiátrico.","1, 3, 4 e 7 são atitudes que proporcionam um ambiente terapêutico, pautado na relação de confiança e respeito entre enfermeiro e paciente.",E,enfermeiro,instituto-aocp,concurso-publico-ebserh-nacional-edital-03-2015-area-assistencial,saude-mental,principios-da-enfermagem-psiquiatrica-e-comunicacao-terapeutica,2016,"Estabelecer e cumprir combinados (1), engajar-se com o paciente relutante (3), respeitar suas preferências nas decisões de tratamento (4) e explicar normas de forma clara (7) são pilares reconhecidos do relacionamento terapêutico em enfermagem psiquiátrica. Já isolar o paciente do mundo externo (2) e evitar proximidade relacional por medo de confusão de papéis (5) não são condutas recomendadas pela literatura de enfermagem psiquiátrica contemporânea, e a confidencialidade (6) não autoriza automaticamente o compartilhamento de informações com familiares sem critério.",Empresa Brasileira de Serviços Hospitalares (EBSERH),Concurso Público 09/2015 – EBSERH/Concurso Nacional — Edital nº 03 (Enfermeiro - Saúde Mental),9,26,,"relação terapêutica,enfermagem psiquiátrica,vínculo",ACTIVE,banco-de-questoes-enfermagem,1.0
"Crise é um evento repentino que ocorre na vida de uma pessoa, perturbando a homeostase e durante o qual os mecanismos usuais de enfrentamento não funcionam na resolução do problema. Com relação à assistência em situações de crise, assinale a alternativa correta.","A crise é uma situação de urgência que precisa ser resolvida com rapidez; portanto, não é indicada a identificação do evento que precipitou a crise.","É fundamental, no momento da crise, realizar uma avaliação psicológica detalhada, com o intuito de identificar aspectos da personalidade da pessoa.","O objetivo da intervenção em crise é a resolução imediata desta, oferecendo suporte e alívio dos sintomas imediatos, além garantir a segurança física dos envolvidos.","O objetivo principal é garantir a segurança física dos envolvidos e, para isso, é importante não manter o contato visual, para evitar o envolvimento pessoal.","A situação de crise requer, necessariamente, o uso de contenção mecânica e química, a fim de garantir a segurança dos envolvidos.",C,enfermeiro,instituto-aocp,concurso-publico-ebserh-nacional-edital-03-2015-area-assistencial,saude-mental,intervencao-em-crise-e-emergencias-psiquiatricas,2016,"A teoria clássica de intervenção em crise (Caplan) tem como meta a resolução imediata do episódio, com suporte, alívio sintomático e garantia de segurança — sem exigir avaliação psicológica profunda de personalidade (isso é trabalho posterior, não da fase aguda), sem evitar contato visual e sem impor contenção mecânica/química como regra geral.",Empresa Brasileira de Serviços Hospitalares (EBSERH),Concurso Público 09/2015 – EBSERH/Concurso Nacional — Edital nº 03 (Enfermeiro - Saúde Mental),9,27,,"intervenção em crise,emergência psiquiátrica",ACTIVE,banco-de-questoes-enfermagem,1.0
"Sobre o contexto da Reforma Psiquiátrica (RP) em nível mundial, assinale a alternativa correta.","Após a 2ª Guerra Mundial, deu-se início à RP, que buscava melhorar a qualidade do atendimento aos ex-combatentes que desenvolveram transtornos mentais.",A RP teve como ponto de partida a reflexão sobre as práticas de tratamento às pessoas com transtorno mental que vinham sendo empregadas historicamente: o hospital psiquiátrico como local de exclusão e confinamento e práticas assistenciais que promoviam a punição e humilhação dos pacientes.,"A reflexão sobre as práticas de tratamento em psiquiatria culminou na deflagração da RP na década de 1970, iniciada nos Estados Unidos, com o objetivo de promover a desospitalização.","O Brasil foi um dos primeiros países a aderir às transformações da RP, utilizando como base a psiquiatria da Setorização (França).","O marco inicial da RP foi quando Philippe Pinel (psiquiatra francês) retirou os pacientes psiquiátricos de suas amarras e propôs o Tratamento Moral a eles, que consistia em corrigir os excessos passionais e desvios da norma ética.",B,enfermeiro,instituto-aocp,concurso-publico-ebserh-nacional-edital-03-2015-area-assistencial,saude-mental,reforma-psiquiatrica,2016,"A Reforma Psiquiátrica (movimento antimanicomial, inspirado sobretudo em Franco Basaglia na Itália a partir da década de 1970) nasce da crítica ao hospital psiquiátrico como espaço de exclusão, confinamento e violência institucional — não do pós-Guerra, não iniciada nos EUA, e o Brasil foi tardio (não pioneiro) nesse processo. O Tratamento Moral de Pinel (século XVIII) é anterior e distinto historicamente da Reforma Psiquiátrica propriamente dita.",Empresa Brasileira de Serviços Hospitalares (EBSERH),Concurso Público 09/2015 – EBSERH/Concurso Nacional — Edital nº 03 (Enfermeiro - Saúde Mental),9,28,,"reforma psiquiátrica,antimanicomial,Basaglia",ACTIVE,banco-de-questoes-enfermagem,1.0
"Sobre a esquizofrenia paranoide, preencha as lacunas e assinale a alternativa correta. Esse transtorno de pensamento é caracterizado principalmente pela presença de ________________________ e __________________ relacionados geralmente a um único tema. O indivíduo geralmente apresenta-se tenso e _____________, podendo tornar-se ______________ ao sentir-se ameaçado.",delírios religiosos e de influência / alucinações auditivas / reservado / emotivo,delírios de perseguição ou grandeza / alucinações visuais / comunicativo / agressivo,delírios somáticos e de perseguição / alucinações auditivas / comunicativo / sexualizado,delírios religiosos / alucinações cenestésicas / reservado / agressivo,delírios de perseguição ou referência / alucinações auditivas / reservado / agressivo,E,enfermeiro,instituto-aocp,concurso-publico-ebserh-nacional-edital-03-2015-area-assistencial,saude-mental,transtornos-mentais-e-comportamentais,2016,"A esquizofrenia paranoide caracteriza-se classicamente por delírios de perseguição ou de referência associados a alucinações predominantemente auditivas em torno de um mesmo tema; o paciente costuma apresentar-se tenso, reservado/desconfiado e pode tornar-se agressivo diante de sentimento de ameaça — descrição clássica de semiologia psiquiátrica.",Empresa Brasileira de Serviços Hospitalares (EBSERH),Concurso Público 09/2015 – EBSERH/Concurso Nacional — Edital nº 03 (Enfermeiro - Saúde Mental),10,29,,"esquizofrenia paranoide,delírios,alucinações auditivas",ACTIVE,banco-de-questoes-enfermagem,1.0
"O enfermeiro admite na enfermaria psiquiátrica um paciente com diagnóstico de esquizofrenia paranoide. Durante o contato, o paciente inclina a cabeça para o lado, para de falar e ouve atentamente. Após esta atitude, verbaliza que o FBI está querendo prendê-lo, pois ele detém o conhecimento da cura para o câncer. O enfermeiro percebe também que o paciente olha o tempo todo para os lados e para trás e procura se esconder atrás das portas. Em alguns momentos, o paciente repete a palavra ""descancerizar"" (curar o câncer, em sua percepção). A partir dessas observações, o enfermeiro afirma que o paciente apresenta","alucinações auditivas, delírios religiosos e de grandeza, comportamento violento e ecolalia.","delírios auditivos, alucinações persecutórias e neologismo.","alucinações visuais e auditivas, delírios de grandeza, comportamento suicida e ecopraxia.","alucinações auditivas, delírio de perseguição e de grandeza, comportamento paranoide e neologismo.","alucinações auditivas, delírio de perseguição, comportamento violento e neologismo.",D,enfermeiro,instituto-aocp,concurso-publico-ebserh-nacional-edital-03-2015-area-assistencial,saude-mental,transtornos-mentais-e-comportamentais,2016,"O caso descreve alucinação auditiva (inclina a cabeça, ouve algo inexistente), delírio de perseguição (FBI quer prendê-lo) associado a delírio de grandeza (detém a cura do câncer), comportamento paranoide (vigilância constante, esconder-se) e neologismo (""descancerizar"", palavra inventada com sentido próprio) — quadro fielmente descrito na alternativa D.",Empresa Brasileira de Serviços Hospitalares (EBSERH),Concurso Público 09/2015 – EBSERH/Concurso Nacional — Edital nº 03 (Enfermeiro - Saúde Mental),10,30,,"esquizofrenia,delírio de perseguição,neologismo",ACTIVE,banco-de-questoes-enfermagem,1.0
"Considerando a assistência a pessoas com transtornos mentais, assinale a alternativa que relaciona corretamente o diagnóstico de enfermagem para um comportamento esperado.","Risco de violência, autodirigida ou aos outros, caracterizado por lentificação psicomotora, impulsividade e recusa em iniciar o sono.","Processos de pensamento alterados, caracterizado por presença de delírios e interpretação distorcida do ambiente.","Sensopercepção alterada, caracterizada por presença de delírios e heteroagressividade.","Interação social prejudicada, caracterizada por alucinações visuais e auditivas.","Insônia, caracterizada por incapacidade de estabelecer relações satisfatórias, manipulação de pessoas e situações.",B,enfermeiro,instituto-aocp,concurso-publico-ebserh-nacional-edital-03-2015-area-assistencial,saude-mental,principios-da-enfermagem-psiquiatrica-e-comunicacao-terapeutica,2016,"""Processos de pensamento alterados"" (diagnóstico NANDA) é caracterizado por presença de delírios e interpretação distorcida da realidade — a alternativa correta associa corretamente diagnóstico e característica definidora, enquanto as demais cruzam diagnósticos com características que pertencem a outros rótulos diagnósticos (ex.: alucinações pertencem a ""sensopercepção alterada"", não a ""processos de pensamento"").",Empresa Brasileira de Serviços Hospitalares (EBSERH),Concurso Público 09/2015 – EBSERH/Concurso Nacional — Edital nº 03 (Enfermeiro - Saúde Mental),10,31,,"diagnóstico de enfermagem,processos de pensamento alterados",ACTIVE,banco-de-questoes-enfermagem,1.0
Assinale a alternativa que descreve alguns dos principais sinais e sintomas e as intervenções da enfermagem para a Síndrome Neuroléptica Maligna (SNM).,"Taquicardia, taquipneia, picos de hipertensão arterial, febre muito alta, rigidez muscular grave e deterioração do estado mental; as intervenções incluem a monitorização de sinais vitais periodicamente, avaliação do grau de rigidez muscular e nível de consciência e suspensão imediata do antipsicóticos.","Tremores francos, hipertensão arterial severa e deterioração do nível de consciência; as intervenções incluem monitorizar os sinais vitais periodicamente, aumentar a ingesta hídrica, realizar contenção mecânica e suspender a medicação antipsicótica imediatamente.","Taquicardia, febre muito alta, dispneia e rigidez muscular intensa; as intervenções incluem a administração de antitérmicos e oxigenoterapia e avaliação da rigidez e nível de consciência e acionar o médico para suspensão do antipsicótico.","Febre muito alta, rigidez muscular, taquicardia e taquipneia, que ocasionam uma hiperatividade do sistema nervoso central; as intervenções incluem administrar medicamentos sintomáticos, incluindo benzodiazepínicos para diminuir a agitação psicomotora; não se deve suspender o antipsicótico de maneira brusca.","Deterioração do sistema nervoso central, agitação psicomotora e crises convulsivas; as intervenções incluem garantir a segurança física do paciente, monitorização dos sinais vitais e realização de eletroencefalograma; deve-se retirar o antipsicótico de maneira gradual.",A,enfermeiro,instituto-aocp,concurso-publico-ebserh-nacional-edital-03-2015-area-assistencial,saude-mental,farmacologia-psiquiatrica,2016,"A Síndrome Neuroléptica Maligna cursa classicamente com hipertermia grave, rigidez muscular intensa, instabilidade autonômica (taquicardia, taquipneia, picos hipertensivos) e alteração do estado mental; a conduta padrão é a suspensão IMEDIATA do antipsicótico (não gradual, não mantida), com monitorização contínua de sinais vitais, rigidez e nível de consciência — exatamente o descrito em A.",Empresa Brasileira de Serviços Hospitalares (EBSERH),Concurso Público 09/2015 – EBSERH/Concurso Nacional — Edital nº 03 (Enfermeiro - Saúde Mental),10,32,,"síndrome neuroléptica maligna,antipsicóticos,emergência farmacológica",ACTIVE,banco-de-questoes-enfermagem,1.0
"Uma pessoa portadora de esquizofrenia paranoide tem prescrição médica de clorpromazina 25 mg a cada 08 horas; haloperidol 5 mg a cada 08 horas e prometazina 25 mg a cada 08 horas. Quanto aos medicamentos prescritos, é correto afirmar que",clorpromazina e haloperidol são usados para diminuir os sintomas psicóticos e a prometazina para evitar uma reação alérgica dos outros medicamentos.,clorpromazina e haloperidol são usados para diminuir os sintomas psicóticos e a prometazina para neutralizar os efeitos adversos do haloperidol.,clorpromazina é usada para crises hipertensivas; haloperidol para diminuir os sintomas psicóticos e a prometazina para potencializar os efeitos do haloperidol.,clorpromazina e haloperidol são usados para diminuir a agitação psicomotora e a prometazina para auxiliar na sedação.,clorpromazina e haloperidol são usados para melhorar a interação social e a prometazina para neutralizar os efeitos adversos do haloperidol.,B,enfermeiro,instituto-aocp,concurso-publico-ebserh-nacional-edital-03-2015-area-assistencial,saude-mental,farmacologia-psiquiatrica,2016,"Clorpromazina e haloperidol são antipsicóticos (típicos) usados para reduzir sintomas psicóticos; a prometazina, anti-histamínico com ação anticolinérgica, é comumente associada para neutralizar/prevenir efeitos extrapiramidais (EPS) do haloperidol — combinação farmacológica clássica na prática psiquiátrica brasileira.",Empresa Brasileira de Serviços Hospitalares (EBSERH),Concurso Público 09/2015 – EBSERH/Concurso Nacional — Edital nº 03 (Enfermeiro - Saúde Mental),10,33,,"clorpromazina,haloperidol,prometazina,efeitos extrapiramidais",ACTIVE,banco-de-questoes-enfermagem,1.0
"A Portaria n.º 3.088 de 23 de dezembro de 2011 institui a Rede de Atenção Psicossocial (RAPS) para pessoas com sofrimento ou transtorno mental e com necessidades decorrentes do uso de crack, álcool e outras drogas, no âmbito do Sistema Único de Saúde (SUS). É/são componente(s) da RAPS:","a atenção básica em saúde, formada pelos pontos de ação: unidades básicas de saúde, consultórios de rua e ambulatórios de saúde mental, entre outros.","a atenção psicossocial especializada, formada pelos pontos de ação: centros de atenção psicossocial e consultórios de rua.","a atenção de urgência e emergência, formada pelos pontos de ação: SAMU 192, Sala de Estabilização, UPA 24 horas, portas hospitalares de atenção à urgência/pronto-socorro, Unidades Básicas de Saúde, entre outros.","a atenção hospitalar, formada pelos pontos de atenção: enfermaria especializada em Hospital Geral e hospitais psiquiátricos que ainda permanecem cadastrados pelos SUS, até o seu fechamento.",as estratégias de desinstitucionalização (Serviços Residenciais Terapêuticos) e de reabilitação psicossocial (consultórios de rua).,C,enfermeiro,instituto-aocp,concurso-publico-ebserh-nacional-edital-03-2015-area-assistencial,saude-mental,rede-de-atencao-psicossocial-raps,2016,"A Portaria nº 3.088/2011 (conteúdo hoje consolidado na Portaria de Consolidação nº 3/2017, Anexo III) define o componente ""Atenção de Urgência e Emergência"" exatamente com os pontos SAMU 192, Sala de Estabilização, UPA 24h, portas hospitalares de urgência/pronto-socorro e Unidades Básicas de Saúde — texto reproduzido literalmente na alternativa C. As demais alternativas trocam pontos de atenção entre componentes (ex.: ""consultórios de rua"" pertence à Atenção Básica, não à Atenção Psicossocial Especializada nem à desinstitucionalização).",Empresa Brasileira de Serviços Hospitalares (EBSERH),Concurso Público 09/2015 – EBSERH/Concurso Nacional — Edital nº 03 (Enfermeiro - Saúde Mental),11,34,"Portaria nº 3.088/2011 (consolidada na Portaria de Consolidação nº 3/2017, Anexo III)","RAPS,rede de atenção psicossocial,urgência e emergência",ACTIVE,banco-de-questoes-enfermagem,1.0
"Sobre os transtornos de ansiedade, é correto afirmar que","o transtorno obsessivo compulsivo é marcado pela presença obrigatória de obsessões e compulsões, ainda que a pessoa reconheça esses atos como excessivos e irracionais, além de fadiga fácil e constante, dificuldade de concentração, tensão muscular e problemas de sono.","o transtorno de ansiedade generalizada é caracterizado por ansiedade e preocupações crônicas, irrealistas e excessivas, inquietação, agitação ou nervosismo, quadro esse identificado como um ataque de pânico.","as fobias são medos marcados pela presença ou antecipação de um objeto ou situação específica, que provoca geralmente uma resposta imediata de ansiedade ou ataque de pânico; assim, o enfermeiro deve propiciar o contato da pessoa com o objeto que desencadeia a fobia, a fim de diminuir gradativamente esse medo.","o transtorno obsessivo compulsivo é marcado pela presença obrigatória de obsessões (padrões comportamentais ou atitudes indesejáveis e repetitivas, como rezar, limpar, trancar, cuja intenção é reduzir a ansiedade) e compulsões (ideias, pensamentos ou impulsos mentais indesejáveis e persistentes que geram uma ansiedade ou angústia significativa, como pensamentos sobre contaminação, ordem e simetria, entre outros).","o transtorno de pânico é caracterizado por ataques de pânico recorrentes, que surgem de maneira repentina e se caracterizam por apreensão intensa, medo ou terror, associados a sentimentos de ameaça iminente e grande desconforto físico.",E,enfermeiro,instituto-aocp,concurso-publico-ebserh-nacional-edital-03-2015-area-assistencial,saude-mental,transtornos-mentais-e-comportamentais,2016,"A alternativa E reproduz a definição clássica de Transtorno de Pânico: ataques recorrentes e súbitos de apreensão/medo/terror intensos com sensação de ameaça iminente e desconforto físico. As alternativas A e D invertem as definições de obsessão (pensamento intrusivo) e compulsão (comportamento repetitivo); B erra ao identificar o quadro crônico do TAG como um ""ataque de pânico"" (que é episódico, não crônico); C recomenda exposição ao estímulo fóbico sem o protocolo gradual e controlado necessário, simplificando indevidamente a técnica.",Empresa Brasileira de Serviços Hospitalares (EBSERH),Concurso Público 09/2015 – EBSERH/Concurso Nacional — Edital nº 03 (Enfermeiro - Saúde Mental),11,35,,"transtorno de pânico,TAG,TOC,fobias",ACTIVE,banco-de-questoes-enfermagem,1.0
"Com relação à assistência para a pessoa com Transtorno Obsessivo Compulsivo (TOC) que lava as mãos compulsivamente, qual das seguintes alternativas NÃO é indicada que o enfermeiro realize?",Manter sempre o banheiro fechado para que a pessoa não tenha como lavar as mãos.,"Explicar o comportamento à pessoa portadora de transtorno, uma vez que parece não compreender sua inadequação.","Oferecer atividades terapêuticas manuais e lúdicas, que auxiliem na mudança do foco da obsessão.","Acompanhar a pessoa nas atividades de higiene, auxiliando na realização do comportamento de maneira não-compulsiva.",Estimular a interação social.,A,enfermeiro,instituto-aocp,concurso-publico-ebserh-nacional-edital-03-2015-area-assistencial,saude-mental,transtornos-mentais-e-comportamentais,2016,"Impedir fisicamente o acesso ao banheiro é uma medida punitiva/restritiva, não terapêutica, e não figura entre as abordagens recomendadas para TOC (que envolvem psicoeducação, redirecionamento de foco, acompanhamento estruturado das atividades de higiene e estímulo à interação social) — por isso é a conduta corretamente identificada como NÃO indicada.",Empresa Brasileira de Serviços Hospitalares (EBSERH),Concurso Público 09/2015 – EBSERH/Concurso Nacional — Edital nº 03 (Enfermeiro - Saúde Mental),11,36,,"TOC,transtorno obsessivo compulsivo,intervenção de enfermagem",ACTIVE,banco-de-questoes-enfermagem,1.0
"Uma das classes de fármacos que pode ser utilizada para o tratamento dos transtornos de ansiedade são os benzodiazepínicos, como Alprazolam, Clonazepam e Diazepam. Em relação aos efeitos comuns dos benzodiazepínicos em situações habituais, analise as assertivas e assinale a alternativa que aponta as corretas. I. Boca seca e aumento do apetite. II. Depressão do Sistema Nervoso Central (SNC), que vai de sonolência à depressão respiratória. III. Fraqueza, náuseas, vômitos, dores abdominais e diarreia. IV. Risco de tolerância e dependência. V. Insônia e agitação psicomotora. VI. Alucinações e alterações do pensamento.","Apenas II, III, IV.","Apenas I, II, IV e VI.","Apenas I, II, III e IV.","Apenas II, IV, V e VI.",Apenas II e IV.,A,enfermeiro,instituto-aocp,concurso-publico-ebserh-nacional-edital-03-2015-area-assistencial,saude-mental,farmacologia-psiquiatrica,2016,"Depressão do SNC (sonolência a depressão respiratória) e risco de tolerância/dependência são efeitos centrais e amplamente descritos dos benzodiazepínicos; queixas gastrointestinais leves (fraqueza, náuseas, desconforto abdominal) também constam do perfil de efeitos adversos em referências farmacológicas. Insônia/agitação e alucinações são efeitos opostos ao esperado (os BZDs são depressores, não estimulantes, do SNC) e não correspondem ao uso em situações habituais.",Empresa Brasileira de Serviços Hospitalares (EBSERH),Concurso Público 09/2015 – EBSERH/Concurso Nacional — Edital nº 03 (Enfermeiro - Saúde Mental),12,37,,"benzodiazepínicos,efeitos adversos,farmacologia",ACTIVE,banco-de-questoes-enfermagem,1.0
"Ao prestar assistência a uma pessoa com depressão, um enfermeiro identifica os seguintes diagnósticos de enfermagem: risco de suicídio, baixa autoestima, isolamento social/interação social prejudicada, nutrição alterada: ingestão menor que as necessidades do organismo e déficit no autocuidado (higiene e arrumação). Assinale a alternativa que apresenta a justificativa correta para a elaboração desses diagnósticos pelo enfermeiro.","O enfermeiro deve pensar em risco de suicídio devido ao humor rebaixado, sentimentos de impotência e inutilidade, disponibilidade de meios e delírios místicos.","O diagnóstico de baixa autoestima é elaborado por causa da expressão de desamparo, inutilidade, culpa e vergonha, hipersensibilidade a ofensas e críticas, visão otimista sobre o mundo e excesso de comunicação.","Isolamento social/interação social prejudicada ocorre quando o indivíduo é colocado em local particular e tranquilo, que proporcione uma reflexão sobre sua vida.","Caso a pessoa apresente perda de peso, diminuição do tônus muscular e turgor, palidez cutânea, fraqueza e recusa em se alimentar, o enfermeiro deve elaborar o diagnóstico de nutrição alterada: menor que as necessidades do organismo.","O diagnóstico de déficit para o autocuidado (higiene e arrumação) deve estar presente, para pessoas que, além da depressão, tenham também um déficit cognitivo.",D,enfermeiro,instituto-aocp,concurso-publico-ebserh-nacional-edital-03-2015-area-assistencial,saude-mental,transtornos-mentais-e-comportamentais,2016,"A alternativa D associa corretamente sinais objetivos (perda de peso, palidez, fraqueza, recusa alimentar) ao diagnóstico de enfermagem ""nutrição alterada: menor que as necessidades do organismo"", sem exigir condições adicionais. As demais alternativas contêm erro conceitual: baixa autoestima cursa com visão PESSIMISTA (não otimista) e retraimento (não excesso) de comunicação; isolamento social é comportamento do paciente, não uma intervenção de colocá-lo em local isolado; e déficit de autocuidado na depressão decorre da própria falta de energia/motivação, não exige déficit cognitivo associado.",Empresa Brasileira de Serviços Hospitalares (EBSERH),Concurso Público 09/2015 – EBSERH/Concurso Nacional — Edital nº 03 (Enfermeiro - Saúde Mental),12,38,,"depressão,diagnóstico de enfermagem,NANDA",ACTIVE,banco-de-questoes-enfermagem,1.0
Assinale a alternativa correta sobre os medicamentos utilizados para tratamento dos transtornos de humor.,São exemplos de medicamentos inibidores seletivos de receptação de serotonina (ISRS) a Venlafaxina e a Duloxetina.,"São exemplos de inibidores seletivos da receptação de serotonina-norepinefrina (ISRSN) a Fluoxetina, o Citalopram, a Sertralina e a Paroxetina.","São exemplos de antidepressivos tricíclicos: Amitriptilina, Imipramina e a Nortriptilina.",As combinações psicoterapêuticas (associação de diferentes classes medicamentosas) não podem ser utilizadas para o tratamento de transtornos de ansiedade.,São exemplos de medicamentos inibidores seletivos de receptação de serotonina (ISRS) a Olanzapina e a Fluoxetina.,C,enfermeiro,instituto-aocp,concurso-publico-ebserh-nacional-edital-03-2015-area-assistencial,saude-mental,farmacologia-psiquiatrica,2016,"Amitriptilina, Imipramina e Nortriptilina são classicamente classificadas como antidepressivos tricíclicos. As demais alternativas trocam as classes: Venlafaxina/Duloxetina são ISRSN (não ISRS); Fluoxetina/Citalopram/Sertralina/Paroxetina são ISRS (não ISRSN); e Olanzapina é antipsicótico atípico, não um ISRS.",Empresa Brasileira de Serviços Hospitalares (EBSERH),Concurso Público 09/2015 – EBSERH/Concurso Nacional — Edital nº 03 (Enfermeiro - Saúde Mental),12,39,,"antidepressivos tricíclicos,ISRS,ISRSN",ACTIVE,banco-de-questoes-enfermagem,1.0
"Um paciente com transtorno depressivo maior tem a prescrição médica de sertralina 50 mg, 2 vezes/dia. Após quatro dias em utilização do medicamento, o paciente pergunta ao enfermeiro porque o medicamento ainda não o fez sentir-se melhor. Qual das alternativas a seguir apresenta a melhor explicação que o enfermeiro pode fornecer ao paciente?",O enfermeiro deve explicar que a ansiedade em melhorar rapidamente é devido ao diagnóstico de depressão.,O enfermeiro deve explicar que esse tipo de medicamento demora aproximadamente duas semanas para iniciar a melhora dos sintomas depressivos.,"O enfermeiro pode orientar o paciente a focar-se nos aspectos do tratamento que têm dado certo, ao invés de preocupar-se com aquilo que ainda não está bom.","O enfermeiro deve dizer ao paciente que irá informar ao médico, já que os sintomas depressivos ainda não diminuíram.","O enfermeiro pode explicar que para que o medicamento possa iniciar seu efeito esperado, é preciso que o paciente colabore, participando de atividades de recreação.",B,enfermeiro,instituto-aocp,concurso-publico-ebserh-nacional-edital-03-2015-area-assistencial,saude-mental,farmacologia-psiquiatrica,2016,"Antidepressivos ISRS como a sertralina apresentam início de efeito terapêutico gradual, tipicamente em torno de duas a quatro semanas — orientação psicoeducativa padrão para manejar a expectativa do paciente nos primeiros dias de tratamento, evitando descontinuação precoce.",Empresa Brasileira de Serviços Hospitalares (EBSERH),Concurso Público 09/2015 – EBSERH/Concurso Nacional — Edital nº 03 (Enfermeiro - Saúde Mental),12,40,,"sertralina,ISRS,psicoeducação",ACTIVE,banco-de-questoes-enfermagem,1.0
"Paciente do sexo feminino, 54 anos, com histórico de transtorno afetivo bipolar (TAB), dá entrada na unidade de emergência psiquiátrica e é admitida pelo enfermeiro do turno do dia. Ela se mostra agitada, andando de um lado para o outro, falando muito alto e rápido, gargalhando e exibindo-se aos homens do local. Encontra-se vestida com roupa provocante que revela partes do seu corpo, além de maquiagem exagerada para o momento. O discurso é repetitivo, porém eloquente e envolvente. Está acompanhada por sua filha, que conta que a mãe deixou de tomar os remédios, acreditando que não precisava mais deles. Também diz que a mãe se alimenta pouco e não dorme há alguns dias, apresentando perda de peso visível. Considerando o quadro apresentado pela paciente, é correto o enfermeiro passar o plantão para o enfermeiro do turno da noite da seguinte maneira:","""paciente em episódio maníaco de TAB, apresentando agitação psicomotora, delírios de grandeza, aumento da libido, sem uso de medicamentos em casa. Apresenta dificuldade para iniciar o sono e perda de apetite. Para esse quadro, elaborei os seguintes diagnósticos de enfermagem: risco de lesão relacionada à hiperatividade, nutrição alterada: menor que as necessidades do organismo e distúrbio do padrão de sono"".","""paciente em episódio depressivo de TAB, apresentando hipotimia, afeto embotado, agitação psicomotora e aumento da libido. Apresenta insônia e anorexia. Os diagnósticos de enfermagem que elaborei são: nutrição alterada: menor que as necessidades do organismo e distúrbio do padrão de sono"".","""paciente em episódio maníaco de TAB, eutímica, porém com agitação psicomotora, taquilalia e logorreia. Apresenta diminuição do sono e da alimentação, ausência do juízo crítico e delírios de grandeza. Para tanto, elaborei esses diagnósticos de enfermagem: risco de lesão relacionada à hiperatividade e padrão de sexualidade ineficaz"".","""paciente em episódio maníaco de TAB, apresentando hipertimia, agitação psicomotora, taquilalia e logorreia, com aumento da libido e da sexualidade. Não estava utilizando medicamentos em casa, estava sem dormir e sem comer. Para esse quadro, elaborei os seguintes diagnósticos de enfermagem: enfrentamento ineficaz e isolamento social"".","""paciente em episódio maníaco de TAB, apresentando hipertimia, agitação psicomotora, taquilalia e logorreia, com aumento da libido e sexualidade, sem uso de medicamentos em casa. Apresenta insônia e hiporexia, com emagrecimento. Os diagnósticos de enfermagem que elaborei são: risco de lesão relacionada à hiperatividade, nutrição alterada: menor que as necessidades do organismo e distúrbio do padrão de sono"".",E,enfermeiro,instituto-aocp,concurso-publico-ebserh-nacional-edital-03-2015-area-assistencial,saude-mental,transtornos-mentais-e-comportamentais,2016,"O caso descreve um episódio maníaco clássico (não depressivo: descarta B) — humor elevado/hipertimia, agitação psicomotora, fala rápida e pressionada (taquilalia/logorreia), comportamento sexualizado/exibicionista (aumento de libido e sexualidade), ausência de medicação, insônia e hiporexia com emagrecimento visível. A alternativa E é a única que reúne todos os achados corretamente e propõe diagnósticos de enfermagem coerentes (risco de lesão pela hiperatividade, nutrição alterada e distúrbio do sono); C erra ao descrever a paciente como ""eutímica"" (contradiz o humor elevado do caso) e D inclui ""isolamento social"", incompatível com o comportamento extrovertido/exibicionista relatado.",Empresa Brasileira de Serviços Hospitalares (EBSERH),Concurso Público 09/2015 – EBSERH/Concurso Nacional — Edital nº 03 (Enfermeiro - Saúde Mental),13,41,,"transtorno afetivo bipolar,episódio maníaco,diagnóstico de enfermagem",ACTIVE,banco-de-questoes-enfermagem,1.0
"""O uso de benzodiazepínicos (BZD) não deve ser prolongado, a fim de se evitar o risco de dependência"". Essa afirmação está","correta, pois os sintomas ansiosos geralmente melhoram mais rápido que outros sintomas; assim, o uso prolongado não é justificado.","incorreta, pois o uso dos medicamentos deve ser contínuo, dependendo da gravidade da doença; o risco de dependência não precisa ser prioridade no tratamento.","correta, pois essa classe de fármacos tem a dependência física como um dos efeitos adversos; além de evitar o uso prolongado, deve-se diminuir gradativamente a dose, para evitar a síndrome de abstinência.","incorreta, pois o risco de dependência acontece somente se o medicamento for administrado em doses muito altas.","correta, pois essa classe de fármacos tem a dependência física como um dos efeitos adversos; assim, o BZD deve ser retirado de uma vez, o mais rápido possível, para evitar que a dependência se instale.",C,enfermeiro,instituto-aocp,concurso-publico-ebserh-nacional-edital-03-2015-area-assistencial,saude-mental,farmacologia-psiquiatrica,2016,"Benzodiazepínicos apresentam risco real de dependência física mesmo em doses terapêuticas com uso prolongado; a retirada deve ser sempre gradual (nunca abrupta), justamente para prevenir síndrome de abstinência — o que torna E (retirada abrupta) tecnicamente perigosa e incorreta, restando C como a única alternativa completa e segura.",Empresa Brasileira de Serviços Hospitalares (EBSERH),Concurso Público 09/2015 – EBSERH/Concurso Nacional — Edital nº 03 (Enfermeiro - Saúde Mental),13,42,,"benzodiazepínicos,dependência,síndrome de abstinência",ACTIVE,banco-de-questoes-enfermagem,1.0
"São critérios diagnósticos para o transtorno de identidade dissociativa (TID), antigamente conhecido como distúrbio de personalidade múltipla, EXCETO","presença de dois ou mais estados de personalidade diferentes, cada um com seu padrão relativamente persistente de percepção da realidade.","os diferentes estados de personalidade, de maneira recorrente, assumem o controle do comportamento do indivíduo.","quando um dos estados de personalidade assume o controle, há a incapacidade de recordar informações pessoais importantes e muito significativas da personalidade primária.","o indivíduo vivencia os vários estados de personalidade concomitantemente, tornando tarefa difícil para o avaliador diferenciar o TID do transtorno afetivo bipolar.","o TID não pode ser resultado fisiológico direto do uso de substância psicoativa ou de condição clínica geral (crises convulsivas parciais, por exemplo).",D,enfermeiro,instituto-aocp,concurso-publico-ebserh-nacional-edital-03-2015-area-assistencial,saude-mental,transtornos-mentais-e-comportamentais,2016,"No Transtorno de Identidade Dissociativa os estados de personalidade alternam-se, assumindo o controle um de cada vez (não concomitantemente) — a afirmação de vivência simultânea das personalidades é o critério tecnicamente incorreto, por isso é a alternativa ""EXCETO"" (que não corresponde a um critério diagnóstico real).",Empresa Brasileira de Serviços Hospitalares (EBSERH),Concurso Público 09/2015 – EBSERH/Concurso Nacional — Edital nº 03 (Enfermeiro - Saúde Mental),13,43,,"transtorno de identidade dissociativa,critérios diagnósticos",ACTIVE,banco-de-questoes-enfermagem,1.0
"Sobre os transtornos somatoformes, preencha as lacunas e assinale a alternativa correta. O transtorno de somatização é uma síndrome de diversos __________________ que não podem ser explicados por _______________ e que estão associados a __________________ e a uma procura insistente pelos serviços de saúde. Geralmente os transtornos de somatização são acompanhados pela _____________, caracterizada pela interpretação irrealista de sintomas físicos, que leva à _______________ de ter uma doença grave.",sintomas físicos / exames e história clínica / estresse emocional / hipocondria / preocupação,sintomas físicos / exames laboratoriais / estresse emocional / mania / preocupação,sintomas psíquicos / exames de imagem / estresse emocional / depressão / preocupação,sintomas físicos / exames e história clínica / estresse emocional / hipocondria / confirmação,sintomas físicos / exames e história clínica / cansaço físico / histeria / preocupação,A,enfermeiro,instituto-aocp,concurso-publico-ebserh-nacional-edital-03-2015-area-assistencial,saude-mental,transtornos-mentais-e-comportamentais,2016,"O transtorno de somatização caracteriza-se por sintomas físicos não explicados por exames e história clínica, associados a estresse emocional e busca frequente por serviços de saúde, comumente acompanhado de hipocondria (preocupação com ter doença grave, não confirmação dela) — combinação exata da alternativa A.",Empresa Brasileira de Serviços Hospitalares (EBSERH),Concurso Público 09/2015 – EBSERH/Concurso Nacional — Edital nº 03 (Enfermeiro - Saúde Mental),13,44,,"transtorno de somatização,hipocondria",ACTIVE,banco-de-questoes-enfermagem,1.0
"O transtorno de personalidade borderline é caracterizado por um padrão de relacionamentos intensos e caóticos, com instabilidade afetiva e atitudes flutuantes em direção a outras pessoas. Considerando essas informações, assinale a alternativa que apresenta comportamentos esperados para uma pessoa com transtorno de personalidade borderline e as atitudes mais adequadas do enfermeiro frente a esses comportamentos.","Recusa em permanecer sozinho em um ambiente, afirmando que é solitário demais. O enfermeiro deve estimular a interação social com os demais pacientes.","Cortar os pulsos com lâminas, logo após ter discutido o projeto terapêutico com a equipe. O enfermeiro deve realizar o atendimento de urgência e, após, conversar com o paciente sobre tal comportamento.",Cumprir as normas e rotinas do setor. O enfermeiro deve estimular que o paciente verbalize suas vontades.,Manipular os funcionários do setor para que satisfaçam suas vontades. O enfermeiro deve estimular os funcionários a ignorarem o paciente.,Descumprir as normas e rotinas do setor. O enfermeiro deve estabelecer contratos de convivência e aplicar punições em casos de descumprimento.,B,enfermeiro,instituto-aocp,concurso-publico-ebserh-nacional-edital-03-2015-area-assistencial,saude-mental,transtornos-mentais-e-comportamentais,2016,"Automutilação após conflito com a equipe é comportamento característico do transtorno borderline (impulsividade e instabilidade emocional diante de rejeição/frustração percebida); a conduta correta do enfermeiro é priorizar o atendimento de urgência à lesão e, somente depois, processar terapeuticamente o comportamento com o paciente — sequência clinicamente segura e coerente com manejo de crise.",Empresa Brasileira de Serviços Hospitalares (EBSERH),Concurso Público 09/2015 – EBSERH/Concurso Nacional — Edital nº 03 (Enfermeiro - Saúde Mental),14,45,,"transtorno de personalidade borderline,automutilação",ACTIVE,banco-de-questoes-enfermagem,1.0
Assinale a alternativa que apresenta informações corretas sobre a interconsulta psiquiátrica em hospital geral.,"A interconsulta tem como objetivo principal realizar o diagnóstico de transtorno mental, a fim de aliviar a equipe de saúde solicitante.",A interconsulta psiquiátrica tem como objetivo principal realizar pesquisas com pacientes psiquiátricos internados em hospital geral.,A interconsulta preocupa-se com os aspectos da doença mental que podem auxiliar na melhora da doença física.,"A interconsulta psiquiátrica promove a assistência psicossocial do paciente e trabalha a relação dele com a equipe solicitante, esclarecendo dúvidas quanto ao diagnóstico.",A interconsulta psiquiátrica é atividade privativa do médico psiquiatra ou residente em medicina psiquiátrica.,D,enfermeiro,instituto-aocp,concurso-publico-ebserh-nacional-edital-03-2015-area-assistencial,saude-mental,principios-da-enfermagem-psiquiatrica-e-comunicacao-terapeutica,2016,"A interconsulta psiquiátrica em hospital geral tem caráter amplo, promovendo a assistência psicossocial do paciente e apoiando a relação terapêutica com a equipe solicitante, indo além do mero diagnóstico (não visa apenas ""aliviar"" a equipe), não é pesquisa, não se restringe à melhora da doença física isoladamente, e não é atividade privativa exclusiva do médico psiquiatra (a equipe multiprofissional, incluindo enfermagem, participa desse processo).",Empresa Brasileira de Serviços Hospitalares (EBSERH),Concurso Público 09/2015 – EBSERH/Concurso Nacional — Edital nº 03 (Enfermeiro - Saúde Mental),14,46,,"interconsulta psiquiátrica,hospital geral",ACTIVE,banco-de-questoes-enfermagem,1.0
"Um paciente dá entrada no pronto-socorro, trazido pelo SAMU, após tentativa de suicídio com ferimentos profundos em ambos os pulsos, realizados por faca de cozinha e com grande perda de sangue. Ele apresenta-se calmo, com afeto embotado, pouco comunicativo e sem manter contato visual. Assinale a alternativa em que a assistência de enfermagem em situação de urgência psiquiátrica está descrita de maneira mais adequada.","Monitorizar pressão arterial, frequência cardíaca e respiratória, avaliar o nível de consciência, manter comunicação frequente e manter objetos cortantes fora do alcance.","Conversar com o paciente, a fim de identificar a permanência das ideias suicidas.","Monitorizar os sinais vitais e nível de consciência, realizar curativo compressivo e contenção mecânica no leito.","Realizar a contenção mecânica no leito e, somente após, colher a história do incidente.","Monitorizar os sinais vitais, avaliar o nível de consciência, evitar manter contato ocular e garantir a segurança do paciente.",A,enfermeiro,instituto-aocp,concurso-publico-ebserh-nacional-edital-03-2015-area-assistencial,saude-mental,intervencao-em-crise-e-emergencias-psiquiatricas,2016,"Para um paciente calmo e cooperativo após tentativa de suicídio, a conduta mais adequada prioriza monitorização hemodinâmica (vitais), avaliação neurológica, comunicação terapêutica contínua e remoção de objetos de risco do ambiente — sem recorrer a contenção mecânica (medida excessiva para paciente calmo, presente nas alternativas C e D) nem evitar contato visual (o que prejudicaria, e não favoreceria, a comunicação terapêutica, como sugerido em E).",Empresa Brasileira de Serviços Hospitalares (EBSERH),Concurso Público 09/2015 – EBSERH/Concurso Nacional — Edital nº 03 (Enfermeiro - Saúde Mental),14,47,,"tentativa de suicídio,urgência psiquiátrica,segurança do paciente",ACTIVE,banco-de-questoes-enfermagem,1.0
"Uma paciente está internada em uma enfermaria psiquiátrica de um hospital geral, devido à tentativa de afogamento de seu filho recém-nascido de apenas 4 dias de vida. Em determinado momento, a enfermeira responsável pelo setor se recusa a solicitar a dieta à paciente, alegando que a mesma encontra-se em isolamento social, não desejando alimentar-se. A enfermeira, também, ao avaliar as mamas da paciente, percebe a presença de ingurgitamento, edema e dor, porém não prescreve nenhum cuidado, dizendo que esses sinais irão desaparecer em breve. A paciente culmina por apresentar febre e dor intensa, necessitando de cuidados de urgência. A equipe de saúde demonstrou preocupação ao saber que a enfermeira agiu dessa forma por não aceitar a atitude da paciente para com o filho. Sobre a conduta da enfermeira, é correto afirmar que","ela agiu corretamente, pois deve estar atenta aos aspectos cognitivos e comportamentais, já que nessa situação, o ingurgitamento mamário e nutrição não são prioridades.",é um direito do profissional distanciar-se de pacientes com os quais não houve empatia.,trata-se de um caso de negligência (não oferecer alimentação) e imperícia (não prestar assistência quanto ao ingurgitamento das mamas).,"a profissional apresentou atitudes repreensíveis que devem, porém, ser compreendidas pela equipe de saúde, uma vez que a paciente realizou um ato de extrema crueldade.",apenas será considerado um caso de negligência e imperícia se a família realizar uma denúncia ao Conselho Regional de Enfermagem.,C,enfermeiro,instituto-aocp,concurso-publico-ebserh-nacional-edital-03-2015-area-assistencial,saude-mental,etica-profissional-em-enfermagem-psiquiatrica,2016,"A conduta da enfermeira configura falha ética e legal grave: omitir cuidado básico de alimentação e não tratar uma complicação física evidente (ingurgitamento mamário) por juízo pessoal sobre o comportamento da paciente. A alternativa C é a única que reconhece a falta profissional (a literatura de enfermagem costuma classificar a omissão de cuidado como negligência), rejeitando corretamente as demais alternativas, que tentam justificar, minimizar ou condicionar indevidamente a responsabilidade profissional a uma denúncia formal.",Empresa Brasileira de Serviços Hospitalares (EBSERH),Concurso Público 09/2015 – EBSERH/Concurso Nacional — Edital nº 03 (Enfermeiro - Saúde Mental),15,48,,"ética em enfermagem,negligência,responsabilidade profissional",ACTIVE,banco-de-questoes-enfermagem,1.0
Analise as alternativas a seguir sobre a comunicação terapêutica e assinale a alternativa INCORRETA.,"Em todas as comunicações interpessoais, o emissor e o receptor trazem condições pessoais preexistentes que influenciam a mensagem transmitida e a forma como ela é interpretada.","O enfermeiro, ao desenvolver a comunicação terapêutica, deve observar os gestos e expressões faciais do paciente, pois esses transmitem várias informações significativas à interação pessoal.",A comunicação terapêutica inclui técnicas verbais e não verbais com o objetivo de promover acolhimento e mudanças interpessoais.,O feedback é uma técnica de comunicação que proporciona que o receptor reflita sobre suas atitudes e pensamentos.,"A comunicação não verbal oferece significado a alguns gestos e padrões de comportamento, que são menos importantes que a comunicação verbal durante uma interação terapêutica.",E,enfermeiro,instituto-aocp,concurso-publico-ebserh-nacional-edital-03-2015-area-assistencial,saude-mental,principios-da-enfermagem-psiquiatrica-e-comunicacao-terapeutica,2016,"Na comunicação terapêutica, a comunicação não verbal (expressões, postura, tom de voz) é considerada tão ou mais reveladora quanto a verbal, não ""menos importante"" — essa é a afirmação tecnicamente incorreta que a questão pede para identificar.",Empresa Brasileira de Serviços Hospitalares (EBSERH),Concurso Público 09/2015 – EBSERH/Concurso Nacional — Edital nº 03 (Enfermeiro - Saúde Mental),16,49,,"comunicação terapêutica,comunicação não verbal",ACTIVE,banco-de-questoes-enfermagem,1.0
"Um enfermeiro está desenvolvendo o processo de enfermagem para cuidar de uma pessoa com transtorno de pensamento. Assinale a alternativa que descreve uma ação que faz parte do histórico de enfermagem e uma ação que faz parte da evolução de enfermagem, respectivamente.",Registrar os relatos da família do paciente sobre os sintomas positivos e negativos do transtorno mental; identificar o diagnóstico de enfermagem: risco de autolesão.,Promover a interação social com os outros pacientes; avaliar se as intervenções de enfermagem foram apropriadas para se obter o resultado esperado.,Identificar o diagnóstico de enfermagem: risco de autolesão; estabelecer um contrato de convivência entre o paciente e a equipe de saúde.,Registrar os relatos da família do paciente sobre os sintomas positivos e negativos do transtorno mental; avaliar se as intervenções de enfermagem foram apropriadas para se obter o resultado esperado.,Registrar os relatos da família do paciente sobre os sintomas positivos e negativos do transtorno mental; priorizar a manutenção de um ambiente seguro para os pacientes e a equipe de saúde.,D,enfermeiro,instituto-aocp,concurso-publico-ebserh-nacional-edital-03-2015-area-assistencial,saude-mental,principios-da-enfermagem-psiquiatrica-e-comunicacao-terapeutica,2016,"No processo de enfermagem, coletar relatos da família sobre sintomas pertence à etapa de Histórico/Coleta de Dados, enquanto avaliar se as intervenções alcançaram o resultado esperado pertence à etapa de Evolução/Avaliação — única alternativa que associa corretamente uma ação a cada etapa solicitada (as demais colocam diagnóstico ou intervenção no lugar do histórico, ou ação de intervenção/planejamento no lugar da evolução).",Empresa Brasileira de Serviços Hospitalares (EBSERH),Concurso Público 09/2015 – EBSERH/Concurso Nacional — Edital nº 03 (Enfermeiro - Saúde Mental),16,50,,"processo de enfermagem,histórico de enfermagem,evolução de enfermagem",ACTIVE,banco-de-questoes-enfermagem,1.0
"O núcleo temático que permeia todo o texto ""Nomes brandos para o fim do mundo"" gira em torno da consideração de que",as culturas indígenas existentes no Brasil compartilham com as culturas não indígenas termos e expressões relativas a catástrofes globais.,o inventário lexical de uma língua existe em função da representação objetiva do mundo.,"o ser humano é o responsável direto pelas mudanças climáticas, pelo aquecimento global e pelo apagamento de línguas indígenas.",as palavras constituem expressão das concepções que determinado povo tem em relação ao mundo.,,D,enfermeiro,centro-de-selecao-da-universidade-federal-de-goias,concurso-publico-prefeitura-municipal-de-goiania-edital-001-2020,portugues,interpretacao-de-texto,2022,"O texto abre com a hipótese de Sapir-Whorf (a língua expressa a visão de mundo de um povo, não apenas o descreve) e desenvolve esse fio condutor analisando ""mudança climática"", ""aquecimento global"" e ""Antropoceno"" como escolhas lexicais carregadas de visão de mundo — exatamente o que D afirma.",Prefeitura Municipal de Goiânia,"Concurso Público Edital 001/2020 — Prefeitura Municipal de Goiânia (Cronograma E, prova 26/06/2022) — Especialista em Saúde, Enfermeiro Geral",2,1,,"interpretação de texto,tese central",ACTIVE,banco-de-questoes-enfermagem,1.0
"Em um dos subtítulos presentes no texto, os autores chamam mudança climática e aquecimento global de ""invenção"". O uso da palavra ""invenção"", nesse contexto, reporta",à criatividade humana de nomear com precisão processos naturais de dimensão universal.,à visão indígena sobre expressões linguísticas criadas pelos homens brancos para se eximirem de responsabilidades.,à habilidade irônica dos autores do texto para dissociarem numa só palavra aquilo que dizem daquilo que pensam de fato.,à crença de alguns de que os processos de mudança climática e do aquecimento global inexistem de fato.,,B,enfermeiro,centro-de-selecao-da-universidade-federal-de-goias,concurso-publico-prefeitura-municipal-de-goiania-edital-001-2020,portugues,interpretacao-de-texto,2022,"O texto atribui a crítica ao termo diretamente à fala do cacique Afukaká Kuikuro (""o homem branco chama isso de mudança climática""), citada como exemplo da ótica indígena sobre uma linguagem que dissimula responsabilidade — a leitura B, não uma ironia autoral (C) nem negação do fenômeno (D).",Prefeitura Municipal de Goiânia,"Concurso Público Edital 001/2020 — Prefeitura Municipal de Goiânia (Cronograma E, prova 26/06/2022) — Especialista em Saúde, Enfermeiro Geral",2,2,,"interpretação de texto,ponto de vista",ACTIVE,banco-de-questoes-enfermagem,1.0
"Conforme o texto, fazer uso da palavra antropoceno para designar a nova era geológica tem como consequência:",a explicitação do protagonismo do ser humano nos rumos da ecologia global.,"a proposição de novas ideias para adiar o fim do mundo, tal como defende importante liderança indígena.",o avanço nas discussões sobre uma iminente catástrofe ecológica num futuro próximo.,o alinhamento de diferentes perspectivas teórico-científicas sobre a participação da tecnologia nessa nova era geológica.,,A,enfermeiro,centro-de-selecao-da-universidade-federal-de-goias,concurso-publico-prefeitura-municipal-de-goiania-edital-001-2020,portugues,interpretacao-de-texto,2022,"O texto diz explicitamente que ""Antropoceno"", ao incorporar o radical ""antropo-"", ""explicita os impactos da ação humana"" e ""deixa claro o papel que temos"" — protagonismo humano, exatamente A.",Prefeitura Municipal de Goiânia,"Concurso Público Edital 001/2020 — Prefeitura Municipal de Goiânia (Cronograma E, prova 26/06/2022) — Especialista em Saúde, Enfermeiro Geral",2,3,,"interpretação de texto,vocabulário técnico",ACTIVE,banco-de-questoes-enfermagem,1.0
"O trecho ""Ainda que 'mudança' e 'aquecimento' possam ser (e no caso são) processos induzidos, o responsável por essa indução desaparece em ambas as expressões"" mantém o seu valor argumentativo de oposição em:","Os termos ""mudança"" e ""aquecimento"" revelam processos induzidos, logo, há a necessidade de manifestar o agente dessa indução.","Se os conceitos de ""mudança"" e ""aquecimento"" são processos induzidos, obviamente, o responsável pela indução pode ser inferido.","As palavras ""mudança"" e ""aquecimento"" remetem a processos induzidos, uma vez que há um responsável por essa indução.","As noções de ""mudança"" e ""aquecimento"" constituem processos induzidos, todavia, o agente da indução é demovido nas duas expressões.",,D,enfermeiro,centro-de-selecao-da-universidade-federal-de-goias,concurso-publico-prefeitura-municipal-de-goiania-edital-001-2020,portugues,sintaxe,2022,"O trecho original usa ""ainda que"" (concessiva) para opor ""processos induzidos"" a ""o responsável desaparece"". Só a alternativa D preserva essa relação de oposição, com o conectivo adversativo ""todavia""; as demais (logo/obviamente/uma vez que) trocam a relação para consequência ou causa, descaracterizando o valor argumentativo original.",Prefeitura Municipal de Goiânia,"Concurso Público Edital 001/2020 — Prefeitura Municipal de Goiânia (Cronograma E, prova 26/06/2022) — Especialista em Saúde, Enfermeiro Geral",3,4,,"conectivos,valor argumentativo,concessão",ACTIVE,banco-de-questoes-enfermagem,1.0
"O ""exercício de alteridade"" ao qual o texto se refere diz respeito à","atitude de respeito ao interlocutor, mesmo quando ele enuncia discurso que soa conveniente e hipócrita.",necessidade de se fazer uso de palavras de origem indígena na prática do português contemporâneo.,verificação detalhada de uma expressão linguística sob o olhar de uma outra cultura.,consideração de que as palavras mudam processual e espontaneamente os seus significados.,,C,enfermeiro,centro-de-selecao-da-universidade-federal-de-goias,concurso-publico-prefeitura-municipal-de-goiania-edital-001-2020,portugues,interpretacao-de-texto,2022,"O texto emprega ""exercício de alteridade"" exatamente para descrever a análise de ""mudança climática"" ""sob a ótica indígena"" — examinar uma expressão a partir do olhar de outra cultura, tal como formulado em C.",Prefeitura Municipal de Goiânia,"Concurso Público Edital 001/2020 — Prefeitura Municipal de Goiânia (Cronograma E, prova 26/06/2022) — Especialista em Saúde, Enfermeiro Geral",3,5,,"interpretação de texto,alteridade",ACTIVE,banco-de-questoes-enfermagem,1.0
"A distância que separava o Rio de Janeiro, então sede da Corte Imperial, das diversas províncias do Império dificultava para o governo imperial a centralização do poder. Um dos meios utilizados pelo governo para solucionar esse problema em relação a Goiás foi",estabelecer a autonomia administrativa da província goiana.,instituir um conselho de estado para atuar na região goiana.,realizar a nomeação de presidentes sem vínculos com a terra goiana.,promover o isolamento político das oligarquias locais na província goiana.,,C,enfermeiro,centro-de-selecao-da-universidade-federal-de-goias,concurso-publico-prefeitura-municipal-de-goiania-edital-001-2020,conhecimentos-gerais-regionais,historia-regional,2022,"É fato histórico consolidado sobre a administração provincial do Império: para conter o poder de oligarquias locais e manter a centralização, o governo imperial nomeava presidentes de província (equivalentes a governadores) sem vínculo com a terra local, prática também aplicada a Goiás.",Prefeitura Municipal de Goiânia,"Concurso Público Edital 001/2020 — Prefeitura Municipal de Goiânia (Cronograma E, prova 26/06/2022) — Especialista em Saúde, Enfermeiro Geral",4,6,,"história de Goiás,período imperial",ACTIVE,banco-de-questoes-enfermagem,1.0
"Um dos fatores principais para o crescimento e a dinamização do comércio em Goiás, no início do século XX, que veio facilitar a exportação e importação de produtos, foi a",melhoria das estradas salineiras.,construção das primeiras rodovias.,expansão do comércio fluvial.,chegada da estrada de ferro.,,D,enfermeiro,centro-de-selecao-da-universidade-federal-de-goias,concurso-publico-prefeitura-municipal-de-goiania-edital-001-2020,conhecimentos-gerais-regionais,economia-e-sociedade-regional,2022,"A chegada da estrada de ferro (Estrada de Ferro Goiás) no início do século XX é o marco histórico amplamente reconhecido como o principal impulsionador da dinamização comercial do estado, facilitando escoamento de produção e integração com outras regiões.",Prefeitura Municipal de Goiânia,"Concurso Público Edital 001/2020 — Prefeitura Municipal de Goiânia (Cronograma E, prova 26/06/2022) — Especialista em Saúde, Enfermeiro Geral",4,7,,"história de Goiás,estrada de ferro",ACTIVE,banco-de-questoes-enfermagem,1.0
"O território goiano foi muito maior que seu tamanho atual. Ao longo do tempo, ele perdeu regiões para o Pará, Maranhão, Mato Grosso e Minas Gerais, como aconteceu em 1816 quando",a cidade de Carolina foi anexada à capitania do Maranhão.,a cidade de Santana do Paranaíba passou a pertencer à capitania do Mato Grosso.,a região do Triângulo Mineiro foi anexada à capitania de Minas Gerais.,a vila de São João das Duas Barras passou a integrar a capitania do Pará.,,C,enfermeiro,centro-de-selecao-da-universidade-federal-de-goias,concurso-publico-prefeitura-municipal-de-goiania-edital-001-2020,conhecimentos-gerais-regionais,geografia-regional,2022,"A anexação do Triângulo Mineiro (originalmente território goiano) à capitania/província de Minas Gerais em 1816 é o evento histórico-geográfico documentado que corresponde à data citada, reduzindo a extensão territorial de Goiás.",Prefeitura Municipal de Goiânia,"Concurso Público Edital 001/2020 — Prefeitura Municipal de Goiânia (Cronograma E, prova 26/06/2022) — Especialista em Saúde, Enfermeiro Geral",4,9,,"geografia de Goiás,limites territoriais históricos",ACTIVE,banco-de-questoes-enfermagem,1.0
"A imagem de Nossa Senhora do Bom Parto é obra de um escultor e dourador goiano do século XIX cognominado, pela excelência de seu trabalho, o ""Aleijadinho Goiano"". Trata-se de qual artista?",José Joaquim da Veiga Valle.,André Antônio da Conceição.,Cândido de Cássia e Oliveira.,Henrique da Veiga Jardim.,,A,enfermeiro,centro-de-selecao-da-universidade-federal-de-goias,concurso-publico-prefeitura-municipal-de-goiania-edital-001-2020,conhecimentos-gerais-regionais,historia-regional,2022,"José Joaquim da Veiga Valle é o escultor e dourador goiano do século XIX historicamente conhecido pelo cognome ""Aleijadinho Goiano"", autor de diversas imagens sacras da Cidade de Goiás — fato de conhecimento cultural regional consolidado.",Prefeitura Municipal de Goiânia,"Concurso Público Edital 001/2020 — Prefeitura Municipal de Goiânia (Cronograma E, prova 26/06/2022) — Especialista em Saúde, Enfermeiro Geral",4,10,,"arte sacra goiana,Veiga Valle",ACTIVE,banco-de-questoes-enfermagem,1.0
"Em meio a uma crise econômica, teve início, em 1985, o processo de redemocratização do Brasil. Nesse contexto, buscou-se fortalecer o setor público de saúde, expandir a cobertura de assistência a todos os cidadãos, e integrar a medicina previdenciária à saúde pública. Constituiu-se um sistema único e a sociedade brasileira se mobilizou em torno de um movimento que teve como marco a",realização da oitava Conferência Nacional de Saúde (8ª CNS).,criação do Centro Brasileiro de Estudos de Saúde (Cebes).,instituição do Programa de Interiorização de Ações de Saúde e Saneamento (Piass).,implantação da Associação Brasileira de Pós-graduação em Saúde Coletiva (Abrasco).,,A,enfermeiro,centro-de-selecao-da-universidade-federal-de-goias,concurso-publico-prefeitura-municipal-de-goiania-edital-001-2020,legislacao-do-sus,principios-e-diretrizes-do-sus,2022,"A 8ª Conferência Nacional de Saúde (1986) é o marco histórico consensual do Movimento da Reforma Sanitária brasileira, cujas deliberações fundamentaram a criação do SUS na Constituição de 1988 — Cebes, Piass e Abrasco são instituições/programas anteriores ou correlatos, não o marco do movimento em si.",Prefeitura Municipal de Goiânia,"Concurso Público Edital 001/2020 — Prefeitura Municipal de Goiânia (Cronograma E, prova 26/06/2022) — Especialista em Saúde, Enfermeiro Geral",5,11,,"reforma sanitária,8ª CNS,história do SUS",ACTIVE,banco-de-questoes-enfermagem,1.0
"De acordo com a política nacional de atenção básica, os estabelecimentos de saúde do SUS são considerados potenciais espaços de educação, inovação e avaliação tecnológica para a rede de atenção à saúde,","de integração social, de coordenação de atividades de educação permanente e de formação de preceptores.","de prática de ações de ensino em serviço, de formação de preceptores e de realização de pesquisas.","de formação de recursos humanos, de realização de pesquisas e de prática de ações de ensino em serviço.","de coordenação de atividades de educação permanente, de formação de recursos humanos e de integração social.",,C,enfermeiro,centro-de-selecao-da-universidade-federal-de-goias,concurso-publico-prefeitura-municipal-de-goiania-edital-001-2020,legislacao-do-sus,politica-nacional-de-atencao-basica-pnab,2022,"A PNAB caracteriza os estabelecimentos de atenção básica como espaços de formação de recursos humanos, pesquisa e ensino em serviço — combinação textual da alternativa C.",Prefeitura Municipal de Goiânia,"Concurso Público Edital 001/2020 — Prefeitura Municipal de Goiânia (Cronograma E, prova 26/06/2022) — Especialista em Saúde, Enfermeiro Geral",5,12,,"PNAB,educação permanente em saúde",ACTIVE,banco-de-questoes-enfermagem,1.0
"De acordo com a Portaria MS n. 1559/2008, as ações de regulação do atendimento no SUS estão organizadas em três dimensões de atuação integradas entre si, quais sejam: a regulação","do atendimento integral, de sistemas de saúde e da participação da comunidade.","de sistemas de saúde, da atenção à saúde e do acesso à assistência.","da participação da comunidade, do atendimento integral e da qualidade dos serviços.","da atenção à saúde, da qualidade dos serviços e do acesso à assistência.",,B,enfermeiro,centro-de-selecao-da-universidade-federal-de-goias,concurso-publico-prefeitura-municipal-de-goiania-edital-001-2020,saude-coletiva,regulacao-do-acesso-a-assistencia-em-saude,2022,"A Portaria MS nº 1.559/2008, que institui a Política Nacional de Regulação do SUS, organiza a regulação em três dimensões: regulação de sistemas de saúde, regulação da atenção à saúde e regulação do acesso à assistência — texto normativo reproduzido em B.",Prefeitura Municipal de Goiânia,"Concurso Público Edital 001/2020 — Prefeitura Municipal de Goiânia (Cronograma E, prova 26/06/2022) — Especialista em Saúde, Enfermeiro Geral",5,13,,"regulação do SUS,Portaria 1559/2008",ACTIVE,banco-de-questoes-enfermagem,1.0
"Para garantir o acesso e o atendimento ao usuário em todos os níveis de atenção à saúde, é imprescindível estabelecer um sistema que promova a articulação entre esses níveis. Nesse sentido, a referência e a contrarreferência compreendem, respectivamente:",o fluxo de encaminhamento do usuário do nível menor para o de maior complexidade e o referenciamento do nível de maior para o de menor complexidade.,o referenciamento do usuário do nível secundário para o nível terciário e o fluxo de encaminhamento do nível terciário para o nível primário.,o fluxo de encaminhamento do usuário do nível maior para o de menor complexidade e o referenciamento do nível de menor para o de maior complexidade.,o referenciamento do usuário do nível secundário para o nível primário e o fluxo de encaminhamento do nível terciário para o nível secundário.,,A,enfermeiro,centro-de-selecao-da-universidade-federal-de-goias,concurso-publico-prefeitura-municipal-de-goiania-edital-001-2020,legislacao-do-sus,organizacao-direcao-e-gestao-do-sus,2022,"Referência = encaminhamento do nível de menor complexidade para o de maior (ex.: atenção básica → especializada); contrarreferência = o retorno/fluxo do nível de maior para o de menor complexidade, garantindo continuidade do cuidado — exatamente a definição de A.",Prefeitura Municipal de Goiânia,"Concurso Público Edital 001/2020 — Prefeitura Municipal de Goiânia (Cronograma E, prova 26/06/2022) — Especialista em Saúde, Enfermeiro Geral",5,14,,"referência e contrarreferência,redes de atenção à saúde",ACTIVE,banco-de-questoes-enfermagem,1.0
"O sistema de vigilância epidemiológica precisa manter-se eficiente, sendo seu funcionamento aferido e avaliado por medidas quantitativas e qualitativas. Dentre as medidas quantitativas, tem-se a sensibilidade e a oportunidade, que significam, respectivamente, a capacidade do sistema de",operacionalizar as ações com baixo custo e a facilidade para alcançar seus objetivos.,"excluir os ""não-casos"" e a possibilidade de identificar todos os subgrupos da população onde ocorrem os casos.",adaptar-se a novas situações epidemiológicas e a aceitabilidade dos profissionais ou organizações de utilizarem o sistema.,detectar casos e a agilidade do fluxo do sistema de informação.,,D,enfermeiro,centro-de-selecao-da-universidade-federal-de-goias,concurso-publico-prefeitura-municipal-de-goiania-edital-001-2020,saude-coletiva,epidemiologia-basica-e-bioestatistica,2022,"Na avaliação de sistemas de vigilância epidemiológica, sensibilidade é a capacidade de detectar corretamente os casos existentes, e oportunidade é a agilidade/velocidade do fluxo de informação entre a ocorrência do evento e a ação de resposta — exatamente D.",Prefeitura Municipal de Goiânia,"Concurso Público Edital 001/2020 — Prefeitura Municipal de Goiânia (Cronograma E, prova 26/06/2022) — Especialista em Saúde, Enfermeiro Geral",5,15,,"vigilância epidemiológica,atributos de sistemas de vigilância",ACTIVE,banco-de-questoes-enfermagem,1.0
"Com o objetivo de prevenir, controlar e mitigar os riscos de transmissão do coronavírus (Covid-19) em ambientes de trabalho, a Portaria MTP/MS n. 14/2022 estabelece o afastamento das atividades laborais presenciais, nos casos confirmados de Covid-19, por um prazo","de sete dias, podendo esse prazo ser reduzido para cinco dias, desde que o trabalhador afastado esteja sem febre há 12 horas, sem o uso de medicamentos antitérmicos, e com remissão dos sinais e sintomas respiratórios.","de até catorze dias, podendo se estender por até sete dias, conforme o trabalhador apresente resultado laboratorial que comprove o risco de transmissão ou ainda esteja apresentando sinais e sintomas da doença.","de dez dias, podendo esse prazo ser reduzido para sete dias, desde que o trabalhador afastado esteja sem febre há 24 horas, sem o uso de medicamentos antitérmicos, e com remissão dos sinais e sintomas respiratórios.","de até 15 dias, podendo se estender por até cinco dias, conforme o trabalhador apresente resultado laboratorial que comprove o risco de transmissão ou ainda esteja apresentando sinais e sintomas da doença.",,C,enfermeiro,centro-de-selecao-da-universidade-federal-de-goias,concurso-publico-prefeitura-municipal-de-goiania-edital-001-2020,saude-coletiva,saude-do-trabalhador,2022,"A Portaria Conjunta MTP/MS nº 14/2022 fixou o afastamento padrão em 10 dias, com possibilidade de redução para 7 dias mediante ausência de febre há 24h sem antitérmicos e remissão dos sintomas respiratórios — texto normativo da alternativa C.",Prefeitura Municipal de Goiânia,"Concurso Público Edital 001/2020 — Prefeitura Municipal de Goiânia (Cronograma E, prova 26/06/2022) — Especialista em Saúde, Enfermeiro Geral",6,16,,"saúde do trabalhador,covid-19,afastamento laboral",ACTIVE,banco-de-questoes-enfermagem,1.0
"A política nacional de humanização (PNH) busca qualificar o modo de atenção e gestão na rede do SUS e se estrutura em princípios, método, diretrizes e dispositivos. São princípios da PNH:",construção da memória do SUS; matriciamento das ações de saúde; escuta qualificada para usuários e trabalhadores da saúde.,"transversalidade; indissociabilidade entre atenção e gestão; protagonismo, corresponsabilidade e autonomia dos sujeitos e dos coletivos.","fomento de grupalidades, coletivos e redes; clínica ampliada; cogestão.",acolhimento e classificação de risco; defesa dos direitos do usuário; valorização do trabalho e do trabalhador.,,B,enfermeiro,centro-de-selecao-da-universidade-federal-de-goias,concurso-publico-prefeitura-municipal-de-goiania-edital-001-2020,legislacao-do-sus,politica-nacional-de-humanizacao-pnh,2022,"Os três princípios formais da PNH são exatamente: transversalidade, indissociabilidade entre atenção e gestão, e protagonismo/corresponsabilidade/autonomia dos sujeitos — as demais alternativas listam método/diretrizes/dispositivos da PNH, não seus princípios.",Prefeitura Municipal de Goiânia,"Concurso Público Edital 001/2020 — Prefeitura Municipal de Goiânia (Cronograma E, prova 26/06/2022) — Especialista em Saúde, Enfermeiro Geral",6,17,,"Política Nacional de Humanização,PNH,princípios",ACTIVE,banco-de-questoes-enfermagem,1.0
A multiprofissionalidade nas ações de saúde é uma modalidade de trabalho coletivo que,é construída por meio das relações de reciprocidade entre os profissionais de saúde e suas intervenções técnicas das mais diferentes áreas do saber.,prioriza a verticalização e a compartimentalização dos processos de trabalho.,"transcende o saber individual de cada profissional, permitindo que um aja em lugar do outro.",é caracterizada pela sobreposição das ações dos profissionais da equipe de trabalho em busca de soluções para os problemas de saúde identificados.,,A,enfermeiro,centro-de-selecao-da-universidade-federal-de-goias,concurso-publico-prefeitura-municipal-de-goiania-edital-001-2020,saude-coletiva,multiprofissionalidade-e-trabalho-em-equipe,2022,"A multiprofissionalidade caracteriza-se pela reciprocidade entre saberes técnicos distintos e complementares de cada categoria profissional (cada um contribuindo com sua especialidade), e não pela verticalização (B), substituição de papéis (C) ou simples sobreposição de ações (D).",Prefeitura Municipal de Goiânia,"Concurso Público Edital 001/2020 — Prefeitura Municipal de Goiânia (Cronograma E, prova 26/06/2022) — Especialista em Saúde, Enfermeiro Geral",6,18,,"trabalho em equipe,multiprofissionalidade",ACTIVE,banco-de-questoes-enfermagem,1.0
"A integração ensino-serviço é entendida como um processo complexo de trabalho coletivo, acordado, articulado e integrado entre as instituições de ensino e de saúde que apresenta as seguintes finalidades:",reconhecer os equipamentos de saúde como espaços de ensino; qualificar a atenção à saúde individual e coletiva; e incentivar a participação da comunidade nos espaços de formação em saúde.,otimizar a formação de preceptores; incentivar a participação da comunidade nos espaços de formação em saúde; e reconhecer os equipamentos de saúde como espaços de ensino.,qualificar a atenção à saúde individual e coletiva; promover a excelência da formação profissional; e estimular o desenvolvimento e a satisfação dos profissionais dos serviços.,estimular o desenvolvimento e a satisfação dos profissionais dos serviços; otimizar a formação de preceptores; e promover a excelência da formação profissional.,,C,enfermeiro,centro-de-selecao-da-universidade-federal-de-goias,concurso-publico-prefeitura-municipal-de-goiania-edital-001-2020,saude-coletiva,integracao-ensino-servico,2022,"As três finalidades formalmente atribuídas à integração ensino-serviço na literatura de gestão do trabalho e educação na saúde são: qualificar a atenção individual/coletiva, promover excelência da formação profissional e estimular desenvolvimento/satisfação dos profissionais — conjunto reproduzido em C.",Prefeitura Municipal de Goiânia,"Concurso Público Edital 001/2020 — Prefeitura Municipal de Goiânia (Cronograma E, prova 26/06/2022) — Especialista em Saúde, Enfermeiro Geral",6,19,,"integração ensino-serviço,educação na saúde",ACTIVE,banco-de-questoes-enfermagem,1.0
"T.V.D., de 29 anos, encontra-se na 10ª semana gestacional e procura a sala de vacinas para receber a vacina contra hepatite B. Nesse caso, de acordo com o histórico vacinal da gestante, é recomendada a aplicação da vacina HB recombinante, como se segue:","administrar 2 doses da vacina, uma na 24ª e a outra na 32ª semana de gravidez.","iniciar o esquema vacinal ou completar 3 doses com a administração da 2ª dose, 1 mês após a 1ª dose, e, a 3ª dose, 6 meses após a 1ª dose.",aplicar 1 dose da vacina a partir da 20ª semana de gravidez.,"completar o esquema vacinal com 2 doses, com a administração da 2ª dose, 4 meses após a 1ª dose.",,B,enfermeiro,centro-de-selecao-da-universidade-federal-de-goias,concurso-publico-prefeitura-municipal-de-goiania-edital-001-2020,saude-coletiva,calendario-nacional-de-vacinacao,2022,"O esquema padrão do Calendário Nacional de Vacinação para hepatite B em adultos/gestantes sem comprovação vacinal prévia é de 3 doses (0, 1 e 6 meses) — esquema descrito exatamente em B, sem restrição por idade gestacional específica.",Prefeitura Municipal de Goiânia,"Concurso Público Edital 001/2020 — Prefeitura Municipal de Goiânia (Cronograma E, prova 26/06/2022) — Especialista em Saúde, Enfermeiro Geral",6,20,,"calendário vacinal,hepatite B,gestante",ACTIVE,banco-de-questoes-enfermagem,1.0
"A técnica de higiene das mãos é conhecida mundialmente como sendo a medida primária de prevenção e controle de Infecção Relacionada à Assistência à Saúde (IRAS). O manual ""Segurança do paciente em serviços de saúde: Higienização das Mãos"", da ANVISA, de 2009, aborda que a técnica de","higienização simples das mãos seja realizada durante o período de 20 a 40 segundos, com a finalidade de remover os micro-organismos.","higienização simples das mãos tem o objetivo de remover os micro-organismos que colonizam as camadas superficiais da pele, retirando as sujidades que propiciam a proliferação de micro-organismos.",fricção de antissépticos nas mãos com preparações alcoólicas seja de 20 a 30 segundos antes de preparar e manipular medicamentos.,"antissepsia cirúrgica ou preparo pré-operatório das mãos deve ser realizado durante o período de 3 a 5 minutos na primeira cirurgia e durante o período de 2 a 3 minutos nas cirurgias subsequentes, com a finalidade de eliminar a microbiota transitória da pele e de reduzir a microbiota residente, sem proporcionar efeito residual na pele do profissional da saúde.",,B,enfermeiro,centro-de-selecao-da-universidade-federal-de-goias,concurso-publico-prefeitura-municipal-de-goiania-edital-001-2020,fundamentos-de-enfermagem,higiene-das-maos,2022,"O manual da ANVISA define a higienização simples das mãos por sua finalidade — remover micro-organismos que colonizam as camadas superficiais da pele e as sujidades que favorecem sua proliferação — sem exigir necessariamente 20 a 40 segundos (A distorce o tempo), e a antissepsia cirúrgica proporciona sim efeito residual (D está incorreta nesse ponto).",Prefeitura Municipal de Goiânia,"Concurso Público Edital 001/2020 — Prefeitura Municipal de Goiânia (Cronograma E, prova 26/06/2022) — Especialista em Saúde, Enfermeiro Geral",7,21,,"higiene das mãos,IRAS,ANVISA",ACTIVE,banco-de-questoes-enfermagem,1.0
"A Infecção do Trato Urinário (ITU) é uma das causas prevalentes de IRAS e apresenta grande potencial preventivo, visto que a maioria está relacionada à cateterização vesical. Segundo o Manual de Medidas de Prevenção de IRAS da ANVISA, de 2017, são consideradas medidas preventivas de ITU associadas a cateter vesical",a troca rotineira de cateter vesical de demora.,o uso de cateter impregnado com prata ou antimicrobiano.,a irrigação do cateter quando há obstrução por muco e coágulos.,a higiene rotineira e sempre que necessária do meato uretral.,,D,enfermeiro,centro-de-selecao-da-universidade-federal-de-goias,concurso-publico-prefeitura-municipal-de-goiania-edital-001-2020,biosseguranca,ccih-e-prevencao-de-infeccao-hospitalar,2022,"O manual da ANVISA recomenda higiene rotineira do meato uretral como medida preventiva efetiva; já a troca rotineira sem indicação clínica (A), o uso indiscriminado de cateteres impregnados (B) e a irrigação rotineira (C) NÃO são recomendados como medidas preventivas padronizadas, podendo até aumentar o risco de infecção.",Prefeitura Municipal de Goiânia,"Concurso Público Edital 001/2020 — Prefeitura Municipal de Goiânia (Cronograma E, prova 26/06/2022) — Especialista em Saúde, Enfermeiro Geral",7,22,,"ITU,cateter vesical,IRAS",ACTIVE,banco-de-questoes-enfermagem,1.0
"As Precauções Padrão (PP) representam um conjunto de medidas que devem ser aplicadas no atendimento aos pacientes hospitalizados, independentemente do seu estado infeccioso, e na manipulação de equipamentos e produtos contaminados ou sob suspeita de contaminação. Neste contexto, as Precauções Padrão (PP) são","necessárias quando existir o risco de contato com sangue e com todos os líquidos corpóreos, secreções e excreções (com exceção do suor), com pele não intacta e com membranas ou mucosas que podem conter substâncias transmissíveis.",dispensadas da necessidade de implementação quando o paciente está em precaução de contato.,"decorrentes de transmissão pelas vias aéreas de micro-organismos menores que 5 μm, devendo o profissional usar máscara cirúrgica e o paciente permanecer em quarto privativo.","medidas a serem adotadas pelos profissionais de saúde junto a todos os usuários, sendo estas: o manejo adequado de resíduos de serviços de saúde, higienização das mãos e vacinação dos profissionais.",,A,enfermeiro,centro-de-selecao-da-universidade-federal-de-goias,concurso-publico-prefeitura-municipal-de-goiania-edital-001-2020,biosseguranca,precaucoes-e-isolamento,2022,"A definição padrão de Precauções Padrão inclui risco de contato com sangue, todos os fluidos corporais (exceto suor), pele não íntegra e mucosas — texto de A. As PP não são dispensadas quando há precaução adicional (B está errada), a descrição de C corresponde a precaução por aerossóis (categoria distinta, com máscara N95, não cirúrgica), e D é incompleta frente à definição formal.",Prefeitura Municipal de Goiânia,"Concurso Público Edital 001/2020 — Prefeitura Municipal de Goiânia (Cronograma E, prova 26/06/2022) — Especialista em Saúde, Enfermeiro Geral",7,23,,"precauções padrão,biossegurança",ACTIVE,banco-de-questoes-enfermagem,1.0
"A Lei n. 13.427, de 30 de março de 2017, altera o artigo 7º da Lei n. 8.080, de 19 de setembro de 1990, e inclui um novo princípio da organização de atendimento público específico, que versa sobre","a integralidade de assistência, entendida como conjunto articulado e contínuo das ações e serviços preventivos e curativos, individuais e coletivos, exigidos para cada caso, em todos os níveis de complexidade do sistema.","as ações e serviços públicos de saúde e os serviços privados contratados ou conveniados que integram o SUS, obedecendo o princípio da universalidade de acesso aos serviços de saúde em todos os níveis de assistência.",a organização de atendimento público específico e especializado para mulheres e vítimas de violência doméstica em geral.,"a utilização da epidemiologia para o estabelecimento de prioridades, a alocação de recursos e a orientação programática.",,C,enfermeiro,centro-de-selecao-da-universidade-federal-de-goias,concurso-publico-prefeitura-municipal-de-goiania-edital-001-2020,legislacao-do-sus,lei-8080-1990,2022,"A Lei nº 13.427/2017 incluiu no art. 7º da Lei 8.080/1990 o princípio da organização de atendimento público específico e especializado para mulheres e vítimas de violência doméstica em geral — as demais alternativas descrevem princípios já constantes na redação original da Lei 8.080/90 (integralidade, universalidade, uso da epidemiologia), não a inclusão trazida pela lei de 2017.",Prefeitura Municipal de Goiânia,"Concurso Público Edital 001/2020 — Prefeitura Municipal de Goiânia (Cronograma E, prova 26/06/2022) — Especialista em Saúde, Enfermeiro Geral",7,24,,"Lei 8080/1990,Lei 13427/2017,princípios do SUS",ACTIVE,banco-de-questoes-enfermagem,1.0
"Um caso de erro de medicação fatal (administração de vaselina injetável em vez de soro fisiológico) é embasado no Código de Ética dos Profissionais de Enfermagem (CEPE), Resolução COFEN n. 564/2017, a qual estabelece que","as infrações são consideradas leves, moderadas e grave, segundo a natureza do ato e a circunstância de cada caso.","as infrações leves são as que ofendam a integridade física, mental ou moral de qualquer pessoa, sem causar debilidade ou aquelas que venham a difamar organizações da categoria ou instituições ou ainda que causem danos patrimoniais ou financeiros.","as infrações leves são consideradas as que provoquem debilidade temporária de membros, sentido ou função na pessoa, ou ainda, as que causem danos mentais, morais, patrimoniais ou financeiros.","as infrações graves são as que provoquem a morte, debilidade permanente de membro, sentido ou função, dano moral irremediável na pessoa.",,D,enfermeiro,centro-de-selecao-da-universidade-federal-de-goias,concurso-publico-prefeitura-municipal-de-goiania-edital-001-2020,etica-e-legislacao-em-enfermagem,codigo-de-etica-dos-profissionais-de-enfermagem,2022,"A Resolução COFEN nº 564/2017 classifica como infração GRAVE exatamente os desfechos de morte, debilidade permanente ou dano moral irremediável — como no caso citado, que resultou em óbito. As alternativas B e C descrevem incorretamente infrações leves atribuindo-lhes consequências próprias de infrações graves/moderadas, e A generaliza sem detalhar o critério correto.",Prefeitura Municipal de Goiânia,"Concurso Público Edital 001/2020 — Prefeitura Municipal de Goiânia (Cronograma E, prova 26/06/2022) — Especialista em Saúde, Enfermeiro Geral",8,25,,"CEPE,COFEN 564/2017,infração ética",ACTIVE,banco-de-questoes-enfermagem,1.0
"A resolução do COFEN n. 543, de 2017, aborda os parâmetros mínimos para dimensionar o quantitativo de profissionais das diferentes categorias de enfermagem para os serviços/locais em que são realizadas atividades de enfermagem. Diante disso, é preciso considerar:","as 24 horas de cada unidade de internação, tendo em vista o sistema de classificação de pacientes, as horas de assistência de enfermagem, a distribuição percentual do total de profissionais de enfermagem e a proporção profissional/paciente.","o Centro Cirúrgico (CC), tendo em vista a classificação da cirurgia, as horas de assistência segundo o porte cirúrgico, o tempo de limpeza das salas e o tempo de espera das cirurgias, sendo 2,9 horas de enfermagem para cirurgia de porte 1.","as unidades de hemodiálise convencional, tendo em vista o turno, os tempos médios do preparo do material, a instalação e desinstalação do procedimento, a monitorização da sessão, a desinfecção e limpeza das máquinas, a recepção e saída do paciente, sendo um profissional para três pacientes.","as unidades de Central de Materiais e Esterilização (CME), considerando a produção da unidade, multiplicada pelo tempo padrão das atividades, como, por exemplo, limpeza dos materiais no expurgo com tempo padrão de 0,133 horas/08 minutos.",,A,enfermeiro,centro-de-selecao-da-universidade-federal-de-goias,concurso-publico-prefeitura-municipal-de-goiania-edital-001-2020,administracao-em-enfermagem,dimensionamento-de-pessoal-de-enfermagem,2022,"O parâmetro central e mais geral da Resolução COFEN nº 543/2017 para unidades de internação é o cálculo baseado nas 24 horas da unidade, sistema de classificação de pacientes, horas de assistência de enfermagem, distribuição percentual da equipe e proporção profissional/paciente — metodologia-base descrita em A; as demais (B,C,D) são parâmetros específicos de outros setores (CC, hemodiálise, CME) com valores que a resolução não fixa exatamente como descrito nessas alternativas.",Prefeitura Municipal de Goiânia,"Concurso Público Edital 001/2020 — Prefeitura Municipal de Goiânia (Cronograma E, prova 26/06/2022) — Especialista em Saúde, Enfermeiro Geral",9,27,,"COFEN 543/2017,dimensionamento de pessoal",ACTIVE,banco-de-questoes-enfermagem,1.0
"As teorias de enfermagem objetivam consolidar a enfermagem como ciência e arte da área da saúde. Dentre as teorias de enfermagem, a teoria abordada por","Virgínia Henderson (1955) caracteriza a teoria das necessidades humanas básicas, com ênfase na pirâmide de Maslow, para o atendimento de enfermagem na manutenção da saúde, recuperação e morte.","Dorothea Orem (1971) aborda que o indivíduo seja capaz de se autocuidar, sendo o profissional da enfermagem responsável por estabelecer e cumprir metas, em seu âmbito de atuação, que garantam a supressão dos déficits de autocuidado.","Florence Nightingale (1860) defende a teoria da diversidade e universalidade do cuidado cultural, descrevendo os seres humanos como entes que não se devem separar da sua procedência cultural, com foco no meio ambiente.","Martha E. Rogers (1970) enfatiza a teoria da adaptação, que ajuda o indivíduo e grupo a se adaptar às mudanças nos quatro modos de adaptação, físico-fisiológico, identidade de autoconceito, interdependência e desempenho de papel.",,B,enfermeiro,centro-de-selecao-da-universidade-federal-de-goias,concurso-publico-prefeitura-municipal-de-goiania-edital-001-2020,fundamentos-de-enfermagem,teorias-de-enfermagem,2022,"A Teoria do Autocuidado de Dorothea Orem (1971) postula exatamente a capacidade do indivíduo de se autocuidar e o papel do enfermeiro em suprir déficits de autocuidado, conforme B. As demais alternativas trocam autoria: a teoria da diversidade e universalidade do cuidado cultural é de Madeleine Leininger, não de Nightingale; e a teoria da adaptação com os quatro modos é de Callista Roy, não de Martha Rogers (cujo modelo é o dos Seres Humanos Unitários).",Prefeitura Municipal de Goiânia,"Concurso Público Edital 001/2020 — Prefeitura Municipal de Goiânia (Cronograma E, prova 26/06/2022) — Especialista em Saúde, Enfermeiro Geral",9,28,,"teorias de enfermagem,Dorothea Orem,autocuidado",ACTIVE,banco-de-questoes-enfermagem,1.0
"O Programa Nacional de Imunização (PNI) tem contribuído para a redução da morbimortalidade por doenças imunopreviníveis. No esquema vacinal de crianças contra o sarampo, aos 12 meses de idade deve ser administrada uma dose da vacina","tetra viral e aos 15 meses de idade uma dose da vacina tríplice viral, sendo que estas vacinas não podem ser administradas concomitantemente à vacina da febre amarela.","tríplice viral e aos 15 meses de idade uma dose da vacina tetra viral, sendo que estas vacinas não podem ser administradas concomitantemente à vacina pneumocócica 10 valente.","tríplice viral e aos 15 meses uma dose da vacina tetra viral, sendo que estas vacinas não podem ser administradas concomitantemente à vacina da febre amarela.","tríplice viral e aos 15 meses uma dose da vacina tetra viral, não havendo contraindicação de administração concomitante a nenhuma outra vacina do calendário vacinal.",,C,enfermeiro,centro-de-selecao-da-universidade-federal-de-goias,concurso-publico-prefeitura-municipal-de-goiania-edital-001-2020,saude-coletiva,calendario-nacional-de-vacinacao,2022,"O Calendário Nacional de Vacinação prevê tríplice viral aos 12 meses e tetra viral aos 15 meses; a orientação vigente à época recomendava não administrar essas vacinas simultaneamente à vacina de febre amarela na mesma visita (por dados de menor imunogenicidade quando coadministradas), conforme C. As demais alternativas trocam a ordem das vacinas (A) ou a vacina de referência para a restrição de coadministração (B, D).",Prefeitura Municipal de Goiânia,"Concurso Público Edital 001/2020 — Prefeitura Municipal de Goiânia (Cronograma E, prova 26/06/2022) — Especialista em Saúde, Enfermeiro Geral",10,29,,"PNI,sarampo,tríplice viral,tetra viral",ACTIVE,banco-de-questoes-enfermagem,1.0
"A resolução do COFEN n. 567, de 2018, regulamenta a atuação da equipe de enfermagem no cuidado aos pacientes com feridas. Recomenda-se a cobertura de","colagenase para desbridamento enzimático de tecidos necróticos, degradando fatores de crescimento importantes no processo cicatricial e receptores de membrana celular.","hidrocoloide para feridas com exsudação excessiva, sangrantes, infectadas e que precisam de preenchimento da cavidade, sendo contraindicada em feridas com necrose seca e exposição óssea e tendões.","alginato de cálcio em fibras para feridas superficiais e com baixa exsudação e necrose, sendo contraindicado em feridas que precisam de preenchimento da cavidade e sangrantes.","carvão ativado com prata, composto por um tecido envolto em nylon não aderente, semipermeável e absorvente impregnado de carvão ativado, indicado para o uso em feridas secas exercendo ação bactericida e com odor fétido.",,D,enfermeiro,centro-de-selecao-da-universidade-federal-de-goias,concurso-publico-prefeitura-municipal-de-goiania-edital-001-2020,fundamentos-de-enfermagem,curativos,2022,"A cobertura de carvão ativado com prata é tecnicamente descrita, na literatura de tratamento de feridas adotada pela resolução, exatamente como um tecido não aderente/semipermeável impregnado de carvão ativado com prata, indicado para feridas com odor fétido — descrição de D. As demais trocam indicações/contraindicações reais das coberturas (colagenase não degrada fatores de crescimento como mecanismo de ação central; hidrocoloide não é indicado para feridas com exsudação excessiva/sangrantes; alginato é indicado, não contraindicado, para feridas com necessidade de preenchimento de cavidade e sangrantes).",Prefeitura Municipal de Goiânia,"Concurso Público Edital 001/2020 — Prefeitura Municipal de Goiânia (Cronograma E, prova 26/06/2022) — Especialista em Saúde, Enfermeiro Geral",10,30,,"COFEN 567/2018,curativos,coberturas especiais",ACTIVE,banco-de-questoes-enfermagem,1.0
"A doença meningocócica é uma infecção bacteriana aguda, sendo a meningite meningocócica a síndrome mais frequente e a meningococcemia a forma mais grave. A doença meningocócica é transmitida",após contato imediato com a pessoa infectada doente.,"após um período de incubação em média de 3 a 20 dias e, após a colonização da nasofaringe, a probabilidade de desenvolver doença invasiva dependerá da virulência da cepa.","por via do trato respiratório, por meio de aerossóis emanadas das pessoas infectadas doentes.","por via do trato respiratório, por meio das gotículas emanadas das pessoas infectadas, assintomáticas ou doentes.",,D,enfermeiro,centro-de-selecao-da-universidade-federal-de-goias,concurso-publico-prefeitura-municipal-de-goiania-edital-001-2020,enfermagem-em-doencas-transmissiveis,prevencao-e-controle-de-doencas-transmissiveis,2022,"A transmissão da doença meningocócica ocorre por via respiratória através de gotículas (não aerossóis, que é via de partículas menores/maior alcance) e pode partir de portadores assintomáticos da nasofaringe, não apenas de doentes sintomáticos — descrição correta em D; as demais restringem indevidamente a fonte de contágio a doentes sintomáticos ou trocam a via de transmissão.",Prefeitura Municipal de Goiânia,"Concurso Público Edital 001/2020 — Prefeitura Municipal de Goiânia (Cronograma E, prova 26/06/2022) — Especialista em Saúde, Enfermeiro Geral",11,31,,"doença meningocócica,transmissão,vias respiratórias",ACTIVE,banco-de-questoes-enfermagem,1.0
"Paciente colonizada por Staphylococcus aureus resistente à meticilina (MRSA), com quadro de pielonefrite. Além das precauções padrão, faz-se necessária a utilização",dos equipamentos de proteção individual.,das precauções por gotículas.,das precauções por aerossóis.,das precauções por contato.,,D,enfermeiro,centro-de-selecao-da-universidade-federal-de-goias,concurso-publico-prefeitura-municipal-de-goiania-edital-001-2020,biosseguranca,precaucoes-e-isolamento,2022,"MRSA é um micro-organismo transmitido predominantemente por contato direto/indireto (mãos, superfícies, equipamentos), exigindo precaução de contato além das precauções padrão — não gotículas nem aerossóis, que se referem a vias respiratórias.",Prefeitura Municipal de Goiânia,"Concurso Público Edital 001/2020 — Prefeitura Municipal de Goiânia (Cronograma E, prova 26/06/2022) — Especialista em Saúde, Enfermeiro Geral",11,32,,"MRSA,precaução de contato,biossegurança",ACTIVE,banco-de-questoes-enfermagem,1.0
"A tuberculose é causada pelo Mycobacterium tuberculosis, afetando predominantemente os pulmões. Quanto à tuberculose, a transmissão pode ocorrer","por via respiratória, pela inalação de aerossóis produzidos pela tosse, fala ou espirro de um doente com tuberculose ativa pulmonar ou laríngea.","por contato, pelos bacilos que se depositam em roupas, lençóis, copos e outros objetos.","por via respiratória, pela inalação de gotículas produzidas pela tosse e por contato, pelos bacilos depositados em objetos.","por via respiratória, pela inalação de aerossóis produzidos pela tosse, independentemente da duração do contato e do tipo de ambiente compartilhado.",,A,enfermeiro,centro-de-selecao-da-universidade-federal-de-goias,concurso-publico-prefeitura-municipal-de-goiania-edital-001-2020,enfermagem-em-doencas-transmissiveis,prevencao-e-controle-de-doencas-transmissiveis,2022,"A transmissão da tuberculose ocorre exclusivamente por via respiratória, por aerossóis (partículas finas, não gotículas) originados de tosse, fala ou espirro de doente com forma pulmonar ou laríngea ativa — não há transmissão por contato com objetos (B, C estão incorretas), e a duração do contato/ambiente influencia sim o risco de transmissão (D exagera ao dizer que independe disso).",Prefeitura Municipal de Goiânia,"Concurso Público Edital 001/2020 — Prefeitura Municipal de Goiânia (Cronograma E, prova 26/06/2022) — Especialista em Saúde, Enfermeiro Geral",11,33,,"tuberculose,transmissão por aerossóis",ACTIVE,banco-de-questoes-enfermagem,1.0
"Paciente de 25 anos, vítima de ferimento superficial com objeto cortante em supercílio, foi atendido e submetido à higienização e sutura da lesão. Não estava com sua caderneta de vacinação e não soube relatar quantas doses da vacina contra o tétano havia recebido. Qual é a conduta indicada?","Administrar dose de reforço com a Dupla Adulto (dT) e administrar o Soro Antitetânico (SAT), por apresentar um ferimento com alto risco de tétano.","Administrar dose de reforço com a vacina Dupla Adulto (dT), por apresentar um ferimento com risco mínimo de tétano.","Administrar somente o Soro Antitetânico (SAT); não há necessidade de vacinar, pois presume-se que o paciente jovem já tenha recebido a vacina.","Iniciar vacinação contra o tétano, Dupla Adulto (dT esquema básico de três doses), por apresentar um ferimento com risco mínimo de tétano.",,D,enfermeiro,centro-de-selecao-da-universidade-federal-de-goias,concurso-publico-prefeitura-municipal-de-goiania-edital-001-2020,saude-coletiva,calendario-nacional-de-vacinacao,2022,"Ferimento superficial, limpo, tratado prontamente com higienização — é classificado como baixo risco de tétano; sem comprovação vacinal (histórico desconhecido), a conduta protocolar é iniciar o esquema vacinal básico completo (três doses de dT), sem indicação de soro antitetânico para esse tipo de ferimento — conforme D. As demais superestimam o risco do ferimento (A, C) ou indicam apenas reforço sem iniciar esquema completo diante da ausência de histórico vacinal (B).",Prefeitura Municipal de Goiânia,"Concurso Público Edital 001/2020 — Prefeitura Municipal de Goiânia (Cronograma E, prova 26/06/2022) — Especialista em Saúde, Enfermeiro Geral",11,34,,"profilaxia antitetânica,dT,ferimentos",ACTIVE,banco-de-questoes-enfermagem,1.0
"A RDC da ANVISA n. 222, de 2018, regulamenta as boas práticas de gerenciamento de resíduos de serviço de saúde, revogando a RDC n. 306/2004. Essa resolução estabelece que","o abrigo externo para os Resíduos Sólidos do Serviço de Saúde (RSSS) deve possuir porta com abertura para fora, provida de proteção inferior contra roedores e vetores, com dimensões compatíveis com as dos coletores utilizados.","os materiais perfurocortantes devem ser descartados em recipientes rígidos, identificados, providos sem tampa, resistentes à punctura, ruptura e vazamento.",os resíduos do grupo B são rejeitos radioativos e devem ser acondicionados conforme procedimentos definidos pelo supervisor de proteção radiológica.,"toda instituição que gera resíduos deve estar apta e alinhada ao Plano de Gerenciamento dos Resíduos de Serviço de Saúde (PGRSS), sendo que os novos geradores terão prazo de 160 dias, a partir do início do funcionamento, para apresentar o PGRSS.",,A,enfermeiro,centro-de-selecao-da-universidade-federal-de-goias,concurso-publico-prefeitura-municipal-de-goiania-edital-001-2020,biosseguranca,gerenciamento-de-residuos-de-servicos-de-saude,2022,"A RDC ANVISA nº 222/2018 exige exatamente essas especificações para o abrigo externo de resíduos (porta com abertura para fora, proteção contra vetores, dimensão compatível) — alternativa A. Recipientes de perfurocortantes devem ter tampa (não ""sem tampa"", corrigindo B); resíduos radioativos são classificados como Grupo D, não Grupo B (que são resíduos químicos, corrigindo C); e o prazo para apresentação do PGRSS por novos geradores não é 160 dias como afirmado em D.",Prefeitura Municipal de Goiânia,"Concurso Público Edital 001/2020 — Prefeitura Municipal de Goiânia (Cronograma E, prova 26/06/2022) — Especialista em Saúde, Enfermeiro Geral",12,35,,"RDC 222/2018,gerenciamento de resíduos",ACTIVE,banco-de-questoes-enfermagem,1.0
"Produtos Para Saúde (PPS) submetidos a esterilização ou desinfecção devem ser previamente submetidos à etapa de limpeza. A RDC n. 15 de 2012, do Ministério da Saúde, assegura que","os PPS classificados como semicríticos utilizados na assistência ventilatória, anestesia e inaloterapia devem ser submetidos, no mínimo, ao processo de limpeza, com saneantes em conformidade com a normatização sanitária, antes da utilização em outro paciente.","o processamento de PPS é um conjunto de ações relacionadas à pré-limpeza, recepção, limpeza, secagem, avaliação da integridade e da funcionalidade, preparo, desinfecção ou esterilização, armazenamento e distribuição; na sala de limpeza, os EPI necessários são: óculos, máscara, luva de procedimento, avental impermeável de manga longa, protetor auricular e sapato fechado impermeável e antiderrapante.","a limpeza consiste na remoção de sujidades orgânicas e inorgânicas, redução da carga microbiana presente nos PPS, utilizando água, detergentes, produtos e acessórios de limpeza, por meio de ação mecânica, atuando em superfícies internas e externas, de forma a tornar o produto seguro para manuseio e preparado para desinfecção ou esterilização.",o sistema de climatização da área de limpeza dos Centros de Material e Esterilização (CME) Classe II deve manter temperatura ambiente entre 18º e 20 ºC.,,C,enfermeiro,centro-de-selecao-da-universidade-federal-de-goias,concurso-publico-prefeitura-municipal-de-goiania-edital-001-2020,biosseguranca,reprocessamento-de-produtos-para-saude,2022,"A definição de limpeza da RDC nº 15/2012 corresponde exatamente ao texto de C: remoção de sujidades, redução de carga microbiana, ação mecânica em superfícies internas e externas, preparando o produto para desinfecção/esterilização. A alternativa B lista corretamente as etapas do processamento, mas erra ao incluir ""protetor auricular"" entre os EPI obrigatórios da sala de limpeza (não previsto pela norma para esse ambiente); os PPS semicríticos exigem desinfecção, não apenas limpeza (corrigindo A); e a faixa de temperatura da CME Classe II difere da citada em D.",Prefeitura Municipal de Goiânia,"Concurso Público Edital 001/2020 — Prefeitura Municipal de Goiânia (Cronograma E, prova 26/06/2022) — Especialista em Saúde, Enfermeiro Geral",12,36,,"RDC 15/2012,processamento de produtos para saúde,limpeza",ACTIVE,banco-de-questoes-enfermagem,1.0
A equipe de enfermagem apresenta riscos diários de acidentes com material biológico. Após acidente com material biológico em exposições cutâneas e percutâneas recomenda-se,a lavagem exaustiva do local exposto com água e sabão.,a realização de expressão do local exposto como forma de facilitar o sangramento espontâneo.,a lavagem exaustiva do local exposto com antissépticos a base de álcool.,a lavagem exaustiva com solução salina fisiológica.,,A,enfermeiro,centro-de-selecao-da-universidade-federal-de-goias,concurso-publico-prefeitura-municipal-de-goiania-edital-001-2020,biosseguranca,ccih-e-prevencao-de-infeccao-hospitalar,2022,"A conduta padrão pós-exposição a material biológico em pele/mucosa é a lavagem exaustiva com água e sabão (mucosas: apenas água ou soro fisiológico) — não se recomenda espremer o local para induzir sangramento (prática já reconhecidamente contraindicada, pois pode aumentar a exposição), nem uso de antissépticos alcoólicos diretamente sobre a lesão como primeira medida.",Prefeitura Municipal de Goiânia,"Concurso Público Edital 001/2020 — Prefeitura Municipal de Goiânia (Cronograma E, prova 26/06/2022) — Especialista em Saúde, Enfermeiro Geral",13,37,,"acidente com material biológico,exposição ocupacional",ACTIVE,banco-de-questoes-enfermagem,1.0
"A dengue pode evoluir para quadros graves, como o choque. A assistência à saúde à pessoa com suspeita de dengue prevê a","realização da prova do laço, na triagem, obrigatoriamente em todo paciente com suspeita de dengue e com sinal de choque, com ou sem sangramento espontâneo.","avaliação do histórico epidemiológico e do estado hemodinâmico, a investigação de situações que aumentam o risco de evolução desfavorável, a hidratação e a reposição volêmica.","reposição volêmica com 10 mL/kg de soro fisiológico 0,9% na primeira hora em casos de pacientes com sinais de alarme, mantendo o paciente internado por no mínimo 48 horas.","realização da colheita de material para sorologia a partir do terceiro dia, após o início dos sintomas, e encaminhamento ao laboratório de referência.",,B,enfermeiro,centro-de-selecao-da-universidade-federal-de-goias,concurso-publico-prefeitura-municipal-de-goiania-edital-001-2020,enfermagem-em-doencas-transmissiveis,prevencao-e-controle-de-doencas-transmissiveis,2022,"O protocolo de manejo clínico de dengue do Ministério da Saúde recomenda, como conduta inicial ampla e correta, a avaliação epidemiológica e hemodinâmica, identificação de fatores de risco para evolução desfavorável, hidratação e reposição volêmica — descrição de B. A prova do laço não é obrigatória em paciente já com sinais de choque (contraindicada nesse cenário, ao contrário de A); o volume/tempo de internação mínima citados em C não correspondem ao protocolo padrão; e a sorologia tem janela temporal diferente da descrita em D.",Prefeitura Municipal de Goiânia,"Concurso Público Edital 001/2020 — Prefeitura Municipal de Goiânia (Cronograma E, prova 26/06/2022) — Especialista em Saúde, Enfermeiro Geral",13,38,,"dengue,manejo clínico,reposição volêmica",ACTIVE,banco-de-questoes-enfermagem,1.0
"A Sistematização da Assistência de Enfermagem (SAE), embasada na Resolução COFEN n. 358, de 2009, aborda que o processo de enfermagem é um instrumento metodológico que orienta o cuidado profissional e a documentação da prática profissional. A SAE e a Resolução COFEN n. 358/2009 estabelecem que","as etapas do processo de enfermagem devem ser realizadas, de modo deliberado e sistemático, em todos os ambientes da instituição hospitalar pública em que ocorre o cuidado profissional de enfermagem.","o processo de enfermagem contempla quatro etapas importantes e interdependentes: a coleta de dados, o diagnóstico de enfermagem, a implementação e a avaliação.","o registro da execução do processo de enfermagem pode ser em formato de checklist, informal, envolvendo ações ou intervenções de enfermagem.","o técnico e o auxiliar de enfermagem, em conformidade com a Lei n. 7.498/1986 e o Decreto n. 94.406/1987, participam da execução do processo de enfermagem, naquilo que lhes couber, sob supervisão e orientação do enfermeiro.",,D,enfermeiro,centro-de-selecao-da-universidade-federal-de-goias,concurso-publico-prefeitura-municipal-de-goiania-edital-001-2020,sistematizacao-da-assistencia-de-enfermagem-sae,base-normativa-e-conceitual,2022,"A Resolução COFEN nº 358/2009 prevê explicitamente a participação do técnico e do auxiliar de enfermagem na execução do processo, sob supervisão do enfermeiro, conforme a Lei do Exercício Profissional — D. O processo de enfermagem tem CINCO etapas (não quatro, corrigindo B: coleta de dados, diagnóstico, planejamento, implementação e avaliação), deve ocorrer em qualquer ambiente — público ou privado — de cuidado (não restrito ao público, corrigindo A), e exige registro formal, não informal em checklist (corrigindo C).",Prefeitura Municipal de Goiânia,"Concurso Público Edital 001/2020 — Prefeitura Municipal de Goiânia (Cronograma E, prova 26/06/2022) — Especialista em Saúde, Enfermeiro Geral",13,39,,"SAE,COFEN 358/2009,processo de enfermagem",ACTIVE,banco-de-questoes-enfermagem,1.0
"A Pressão Arterial (PA) é representada pela força exercida sobre a parede de uma artéria, por meio do sangue pulsante sob a pressão do coração, e sua aferição tem a finalidade de avaliar as condições do sistema cardiovascular. A Pressão Arterial (PA) é","a tensão arterial máxima, denominada pressão diastólica, que ocorre durante o relaxamento muscular, e a tensão arterial mínima, denominada pressão sistólica, que ocorre durante a contração do ventrículo esquerdo.",convergente quando as pressões sistólicas e diastólicas se distanciam e os valores da pressão arterial podem apresentar alterações.,aferida com a utilização de um manguito de tamanho adequado para que a medida seja real e para que não se altere a leitura dos valores da pressão arterial.,divergente quando as pressões sistólicas e diastólicas se aproximam.,,C,enfermeiro,centro-de-selecao-da-universidade-federal-de-goias,concurso-publico-prefeitura-municipal-de-goiania-edital-001-2020,fundamentos-de-enfermagem,sinais-vitais,2022,"O uso de manguito de tamanho adequado à circunferência do braço é condição técnica essencial para uma aferição fidedigna da PA — C está correta e é o único enunciado tecnicamente consistente. A afirma o inverso das definições reais (pressão sistólica é a máxima, na contração ventricular; diastólica é a mínima, no relaxamento); e B e D invertem os conceitos de PA convergente (quando sistólica e diastólica se aproximam) e divergente (quando se distanciam).",Prefeitura Municipal de Goiânia,"Concurso Público Edital 001/2020 — Prefeitura Municipal de Goiânia (Cronograma E, prova 26/06/2022) — Especialista em Saúde, Enfermeiro Geral",13,40,,"pressão arterial,técnica de aferição",ACTIVE,banco-de-questoes-enfermagem,1.0
"Paciente adolescente com Diabetes Mellitus tipo 1. Prescrição: 14 UI de insulina regular e 24 UI de insulina NPH. Disponível: insulina regular Humulin R 100UI/mL (frasco 10 mL) e insulina NPH Novolin N 100UI/mL (frasco 3 mL). Qual a via de administração e o volume a ser administrado de insulina regular e NPH, respectivamente?","Via subcutânea, 1,4 mL e 2,4 mL.","Via subcutânea, 0,14 mL e 0,24 mL.","Via intradérmica, 0,14 mL e 0,24 mL.","Via intravenosa, 1,4 mL e 0,24 mL.",,B,enfermeiro,centro-de-selecao-da-universidade-federal-de-goias,concurso-publico-prefeitura-municipal-de-goiania-edital-001-2020,fundamentos-de-enfermagem,calculo-de-medicamentos,2022,"Com concentração de 100 UI/mL, 14 UI equivalem a 0,14 mL e 24 UI equivalem a 0,24 mL (regra de três simples: 100UI—1mL). A via de administração padrão de insulina (regular e NPH) na rotina é subcutânea, não intradérmica nem intravenosa — B é a única alternativa com via e volumes corretos.",Prefeitura Municipal de Goiânia,"Concurso Público Edital 001/2020 — Prefeitura Municipal de Goiânia (Cronograma E, prova 26/06/2022) — Especialista em Saúde, Enfermeiro Geral",14,41,,"cálculo de medicamentos,insulina,via subcutânea",ACTIVE,banco-de-questoes-enfermagem,1.0
"A cultura de segurança do paciente configura-se em cinco características: 1) responsabilidade compartilhada pela segurança entre todos os trabalhadores; 2) prioriza a segurança acima de metas financeiras e operacionais; 3) encoraja e recompensa a identificação, notificação e resolução dos problemas relacionados à segurança; 4) promove o aprendizado organizacional a partir de incidentes; e","5) cultura que proporciona recursos, estrutura e responsabilização para a manutenção efetiva da segurança.","5) cultura que apoia a gestão de riscos voltada a iniciativas, procedimentos e condutas.","5) cultura que promove a capacitação de gerentes, profissionais e equipes de saúde em segurança do paciente.","5) cultura que elabora e apoia a implementação de protocolos, guias e manuais de segurança do paciente.",,A,enfermeiro,centro-de-selecao-da-universidade-federal-de-goias,concurso-publico-prefeitura-municipal-de-goiania-edital-001-2020,seguranca-do-paciente,cultura-de-seguranca-do-paciente-pnsp,2022,"A quinta característica formalmente descrita da cultura de segurança do paciente (na literatura adotada pela PNSP/ANVISA) é a disponibilização de recursos, estrutura organizacional e responsabilização (accountability) para sustentar a segurança de forma efetiva — A. As demais alternativas descrevem ações derivadas (capacitação, protocolos, gestão de riscos), mas não correspondem ao quinto pilar formalmente definido.",Prefeitura Municipal de Goiânia,"Concurso Público Edital 001/2020 — Prefeitura Municipal de Goiânia (Cronograma E, prova 26/06/2022) — Especialista em Saúde, Enfermeiro Geral",14,42,,"cultura de segurança do paciente,PNSP",ACTIVE,banco-de-questoes-enfermagem,1.0
"De acordo com o Código de Ética dos Profissionais de Enfermagem (CEPE), embasado na Resolução COFEN n. 564/2017, é um","dever do profissional de enfermagem, de acordo com o artigo 22, recusar-se a executar atividades que não sejam da sua competência técnica, científica, ética e legal ou que não ofereçam segurança ao profissional, à pessoa, à família e à coletividade.","dever do profissional de enfermagem, de acordo com o artigo 50, assegurar a prática profissional mediante consentimento prévio do paciente, representante ou responsável legal, ou decisão judicial.","direito do profissional de enfermagem, de acordo com o artigo 43, respeitar o pudor, a privacidade e a intimidade da pessoa, em todo seu ciclo vital e nas situações de morte e pós-morte.","direito do profissional de enfermagem, de acordo com o artigo 24, exercer a profissão com justiça, compromisso, equidade, resolutividade, dignidade, competência, responsabilidade, honestidade e lealdade.",,A,enfermeiro,centro-de-selecao-da-universidade-federal-de-goias,concurso-publico-prefeitura-municipal-de-goiania-edital-001-2020,etica-e-legislacao-em-enfermagem,codigo-de-etica-dos-profissionais-de-enfermagem,2022,"O art. 22 do CEPE (Resolução COFEN nº 564/2017) estabelece exatamente como DEVER a recusa em executar atividades fora da competência técnica/legal ou sem segurança — A. As alternativas C e D descrevem, na verdade, DEVERES (não direitos) do profissional (respeitar privacidade; exercer a profissão com os valores citados), invertendo a classificação; e B corresponde a um dever, mas descrito de forma incompleta/imprecisa quanto ao artigo correspondente na estrutura da resolução.",Prefeitura Municipal de Goiânia,"Concurso Público Edital 001/2020 — Prefeitura Municipal de Goiânia (Cronograma E, prova 26/06/2022) — Especialista em Saúde, Enfermeiro Geral",14,43,,"CEPE,COFEN 564/2017,deveres e direitos",ACTIVE,banco-de-questoes-enfermagem,1.0
O sistema respiratório tem como principal função a promoção das trocas gasosas. No exame físico do sistema respiratório,a detecção do peito de pombo (pectus carinatum) é quando se observa uma deformidade na qual o esterno fica deprimido ao nível do terço inferior e os órgãos que se situam abaixo dele são comprimidos.,"a respiração de Cheyne-Stokes, também chamada de dispneia periódica, corresponde à respiração profunda, e sua frequência pode ser rápida, normal ou lenta.","os sons encontrados na ausculta podem ser: claro pulmonar, hipersonoro, timpânico, maciço e submaciço, de tal modo que o som hipersonoro indica aumento do ar nos pulmões ou no espaço pleural.","o baqueteamento digital é uma anormalidade na qual as falanges distais e as unhas apresentam o formato de bulbo, podendo ser relacionado a cardiopatias e doenças respiratórias.",,D,enfermeiro,centro-de-selecao-da-universidade-federal-de-goias,concurso-publico-prefeitura-municipal-de-goiania-edital-001-2020,fundamentos-de-enfermagem,exame-fisico,2022,"O baqueteamento digital (dedos em baqueta de tambor) é corretamente descrito em D, associado a cardiopatias congênitas cianóticas e doenças pulmonares crônicas. A alternativa A descreve, na verdade, o pectus excavatum (não o pectus carinatum, que é a protrusão do esterno, não depressão); a respiração de Cheyne-Stokes é caracterizada por ciclos de aumento e diminuição da amplitude respiratória intercalados com apneia, não simplesmente ""respiração profunda"" (corrigindo B); e os sons de percussão (claro pulmonar, hipersonoro, timpânico, maciço, submaciço) pertencem à PERCUSSÃO, não à ausculta (corrigindo C).",Prefeitura Municipal de Goiânia,"Concurso Público Edital 001/2020 — Prefeitura Municipal de Goiânia (Cronograma E, prova 26/06/2022) — Especialista em Saúde, Enfermeiro Geral",14,44,,"exame físico respiratório,semiologia",ACTIVE,banco-de-questoes-enfermagem,1.0
"Os Equipamentos de Proteção Individual (EPI) são dispositivos destinados a proteger o trabalhador de riscos à sua segurança e saúde, embora não garantam sozinhos a interrupção da transmissão de agentes infecciosos. Neste contexto, os pacientes",e os profissionais devem utilizar a máscara N95 para precauções de transmissão por aerossóis quando apresentam tuberculose pulmonar (suspeita ou confirmada).,em precauções para aerossóis fazem com que seja indispensável que os profissionais da área da saúde utilizem obrigatoriamente a máscara N95 ou PFF2 ao entrar no quarto.,com diagnóstico do estado de infecção em hipótese devem ser assistidos utilizando-se as precauções padrão em substituição das precauções específicas.,"com doenças transmitidas por gotículas, com tamanho menor que 5 μm, devem ser assistidos utilizando-se a máscara cirúrgica.",,B,enfermeiro,centro-de-selecao-da-universidade-federal-de-goias,concurso-publico-prefeitura-municipal-de-goiania-edital-001-2020,biosseguranca,equipamentos-de-protecao-individual,2022,"Na precaução por aerossóis, o uso de máscara N95/PFF2 pelo profissional ao entrar no quarto é obrigatório (B) — já o PACIENTE com tuberculose, ao se deslocar, usa máscara cirúrgica, não N95 (corrigindo A, que atribui indevidamente N95 também ao paciente); precauções específicas complementam, e não substituem, as precauções padrão (corrigindo C); e gotículas são partículas MAIORES que 5 μm, não menores (a definição de menores que 5 μm corresponde a aerossóis, corrigindo D).",Prefeitura Municipal de Goiânia,"Concurso Público Edital 001/2020 — Prefeitura Municipal de Goiânia (Cronograma E, prova 26/06/2022) — Especialista em Saúde, Enfermeiro Geral",15,45,,"EPI,precaução por aerossóis,N95",ACTIVE,banco-de-questoes-enfermagem,1.0
"De acordo com o Manual do Pé Diabético do Ministério da Saúde (2016), mediante a classificação de risco do Pé Diabético, há uma periodicidade recomendada para avaliação dos pés. Para a classificação de pés na categoria de risco","0, recomenda-se avaliação anual, preferencialmente com equipe especializada.","1, recomenda-se avaliação a cada 3 a 6 meses, com médico ou enfermeiro da atenção básica.","2, recomenda-se avaliação a cada 3 a 6 meses, com médico ou enfermeiro da atenção básica, ou que se encaminhe para outro ponto de atenção.","3, recomenda-se avaliação quinzenal, preferencialmente com equipe especializada.",,C,enfermeiro,centro-de-selecao-da-universidade-federal-de-goias,concurso-publico-prefeitura-municipal-de-goiania-edital-001-2020,enfermagem-medico-cirurgica,pe-diabetico-e-doencas-cronicas,2022,"O Manual do Pé Diabético (MS, 2016) recomenda, para a categoria de risco 2, avaliação a cada 3-6 meses podendo ser feita na atenção básica ou com encaminhamento — C. A categoria 0 tem avaliação anual sem necessidade obrigatória de equipe especializada (corrigindo A); a categoria 1 tem periodicidade anual, não de 3-6 meses (corrigindo B); e a categoria 3 exige avaliação a cada 1-3 meses com equipe especializada, não quinzenal (corrigindo D).",Prefeitura Municipal de Goiânia,"Concurso Público Edital 001/2020 — Prefeitura Municipal de Goiânia (Cronograma E, prova 26/06/2022) — Especialista em Saúde, Enfermeiro Geral",15,46,,"pé diabético,Manual MS 2016,classificação de risco",ACTIVE,banco-de-questoes-enfermagem,1.0
"Paciente admitido na clínica de nefrologia com diagnóstico médico de nefrite. A Resolução COFEN n. 358/2009 aborda que a SAE organiza o trabalho profissional quanto ao método, pessoal e instrumentos. Neste contexto, no momento da admissão, a enfermagem deverá",colocar em prática todas as ações e intervenções de enfermagem determinadas anteriormente.,"verificar mudanças nas respostas da pessoa, família ou coletividade humana, em um dado momento do processo saúde-doença.",interpretar e agrupar os dados coletados e decidir sobre os diagnósticos de enfermagem.,verificar se as ações e intervenções prescritas estão gerando o resultado esperado.,,B,enfermeiro,centro-de-selecao-da-universidade-federal-de-goias,concurso-publico-prefeitura-municipal-de-goiania-edital-001-2020,sistematizacao-da-assistencia-de-enfermagem-sae,processo-de-enfermagem,2022,"No momento da ADMISSÃO, a etapa do processo de enfermagem corresponde ao Histórico/Coleta de Dados — verificar o estado e as mudanças nas respostas da pessoa ao processo saúde-doença, conforme B. As demais descrevem etapas posteriores: colocar em prática ações (Implementação, A), interpretar dados para diagnosticar (Diagnóstico, C) e verificar resultado das intervenções (Avaliação, D) — nenhuma delas é a etapa correspondente ao momento da admissão.",Prefeitura Municipal de Goiânia,"Concurso Público Edital 001/2020 — Prefeitura Municipal de Goiânia (Cronograma E, prova 26/06/2022) — Especialista em Saúde, Enfermeiro Geral",15,47,,"SAE,histórico de enfermagem,admissão do paciente",ACTIVE,banco-de-questoes-enfermagem,1.0
"A Teoria de Wanda Horta foi desenvolvida a partir da teoria da motivação humana de Maslow, fundamentando-se nas necessidades humanas básicas. Considerando a denominação de João Mohana (necessidades psicobiológicas, psicossociais e psicoespirituais), no âmbito da prevenção do Pé Diabético (Manual do Pé Diabético, MS, 2016), constitui avaliação","neurológica, no âmbito das necessidades psicobiológicas, referente à regulação vascular, a verificação dos pulsos tibiais posteriores e pediosos.","geral, no âmbito das necessidades psicobiológicas de autoestima e autoimagem, a avaliação da qualidade de vida e da dor.","neurológica, no âmbito das necessidades psicossociais de integridade cutâneo-mucosa, a verificação do estado de unhas, pele e presença de deformidades nos pés.","neurológica, no âmbito da necessidade psicobiológica de percepção, a avaliação da sensibilidade tátil por meio dos monofilamentos Semmes-Weinstein, de 10 gramas.",,D,enfermeiro,centro-de-selecao-da-universidade-federal-de-goias,concurso-publico-prefeitura-municipal-de-goiania-edital-001-2020,fundamentos-de-enfermagem,teorias-de-enfermagem,2022,"A avaliação da sensibilidade tátil com monofilamentos de Semmes-Weinstein é uma avaliação NEUROLÓGICA (não vascular) enquadrada na necessidade psicobiológica de percepção — D. A alternativa A descreve corretamente uma avaliação vascular (pulsos), mas erroneamente a classifica como ""neurológica""; autoestima/autoimagem pertence às necessidades psicossociais, não psicobiológicas (corrigindo B); e integridade cutâneo-mucosa é necessidade psicobiológica, não psicossocial, além de a verificação de pele/unhas ser avaliação dermatológica/tegumentar, não neurológica (corrigindo C).",Prefeitura Municipal de Goiânia,"Concurso Público Edital 001/2020 — Prefeitura Municipal de Goiânia (Cronograma E, prova 26/06/2022) — Especialista em Saúde, Enfermeiro Geral",15,48,,"Teoria de Wanda Horta,pé diabético,avaliação neurológica",ACTIVE,banco-de-questoes-enfermagem,1.0
"As Infecções de Sítio Cirúrgico (ISC) ocorrem no pós-operatório em cerca de 3 a 20% dos procedimentos realizados. Nesse contexto, enquadra-se como medida preventiva para ISC:",administrar dose efetiva de antibioticoprofilaxia em até 60 minutos antes da incisão cirúrgica (vancomicina e ciprofloxacina iniciar infusão 4 horas antes da incisão).,"utilizar preparações alcoólicas (altamente bactericida, ação rápida e persistente) que contemplam álcool com clorexidina ou iodo para o preparo da pele do paciente.","utilizar clorexidina degermante em todo o corpo para todas as cirurgias, durante o banho, por 2 dias seguidos, exceto em mucosa uretral e timpânica.","realizar tricotomia de rotina, imediatamente antes da cirurgia, utilizando tricotomizador elétrico (uso de lâminas está contraindicado), dentro da sala de cirurgia.",,B,enfermeiro,centro-de-selecao-da-universidade-federal-de-goias,concurso-publico-prefeitura-municipal-de-goiania-edital-001-2020,enfermagem-medico-cirurgica,cuidado-perioperatorio,2022,"O uso de preparações alcoólicas combinadas com clorexidina ou iodo para antissepsia da pele antes da cirurgia é medida preventiva de ISC reconhecida por sua ação bactericida rápida e persistente — B. Vancomicina e ciprofloxacino, quando indicados, iniciam infusão 1-2 horas antes (não 4h) da incisão (corrigindo A); o banho pré-operatório com clorexidina não é rotina universal obrigatória para ""todas as cirurgias"" (corrigindo C, que generaliza indevidamente); e a tricotomia, quando necessária, deve ser feita fora da sala de cirurgia e o mais próximo possível do horário do procedimento, não dentro da sala (corrigindo D).",Prefeitura Municipal de Goiânia,"Concurso Público Edital 001/2020 — Prefeitura Municipal de Goiânia (Cronograma E, prova 26/06/2022) — Especialista em Saúde, Enfermeiro Geral",16,49,,"infecção de sítio cirúrgico,antissepsia da pele,antibioticoprofilaxia",ACTIVE,banco-de-questoes-enfermagem,1.0
"São denominados Lesão Por Pressão (LPP) danos localizados na pele e/ou tecidos moles subjacentes, geralmente sobre uma proeminência óssea, causados por pressão intensa e/ou prolongada, em combinação com o cisalhamento do tecido. A Escala de Braden é uma ferramenta usada para avaliar o risco de um paciente desenvolver LPP. As LPP apresentam","conforme a Escala de Braden, menor risco de desenvolver lesão quando apresentam a menor pontuação.","alguns fatores envolvidos no desenvolvimento, tais como imobilidade (restrição ao leito), problemas na perfusão, desnutrição, umidade da pele e idade.","perda da pele em sua espessura parcial, com a exposição da derme, classificada em Lesão Por Pressão (LPP) em estágio 1.","perda da pele em sua espessura total, o que torna o tecido adiposo visível, considerada Lesão Por Pressão (LPP) em estágio 2.",,B,enfermeiro,centro-de-selecao-da-universidade-federal-de-goias,concurso-publico-prefeitura-municipal-de-goiania-edital-001-2020,fundamentos-de-enfermagem,prevencao-de-lesao-por-pressao,2022,"Imobilidade, perfusão comprometida, desnutrição, umidade excessiva da pele e idade avançada são fatores de risco classicamente reconhecidos para LPP — B. Na Escala de Braden, quanto MENOR a pontuação, MAIOR o risco (não menor, invertendo A); perda de pele com exposição de derme corresponde ao estágio 2, não ao estágio 1 (que é eritema sem perda de pele, corrigindo C); e perda de espessura total com tecido adiposo visível corresponde ao estágio 3, não ao estágio 2 (corrigindo D).",Prefeitura Municipal de Goiânia,"Concurso Público Edital 001/2020 — Prefeitura Municipal de Goiânia (Cronograma E, prova 26/06/2022) — Especialista em Saúde, Enfermeiro Geral",16,50,,"lesão por pressão,Escala de Braden,estadiamento",ACTIVE,banco-de-questoes-enfermagem,1.0
"O Hiperdia, criado através da Portaria nº 371/2002, é parte integrante do Plano Nacional de Reorganização da Atenção à Hipertensão Arterial (HA) e diabetes mellitus (DM). Uma das informações registradas pelo sistema é o sedentarismo; pelo programa é classificado como sedentário quem realiza menos de ______ minutos de exercício, _______ vezes por semana e não faz esforço físico pesado em casa ou no trabalho.",A) 15 / 4,B) 20 / 4,C) 30 / 3,D) 51195.99967592592,E) 21946.999675925927,C,enfermeiro,instituto-consulplan,concurso-publico-sespa-edital-01-2023,saude-do-adulto,pe-diabetico-e-doencas-cronicas,2023,"O Hiperdia classifica como sedentário o indivíduo que realiza menos de 30 minutos de exercício, 3 vezes por semana, sem esforço físico pesado adicional em casa ou no trabalho.",Secretaria de Estado de Saúde Pública do Pará (SESPA),Enfermeiro,14,48,,,ACTIVE,banco-de-questoes-enfermagem,1.0
"Texto-base (fragmento): ""Procrastinação: entenda essa inimiga. E livre-se dela."" Adiar tarefas importantes em prol de atividades inúteis é uma tendência universal, com raízes biológicas. A frase 'O homem que adia o trabalho está sempre a lutar com desastres' é da obra 'Os trabalhos e os dias', do poeta grego Hesíodo. O texto discute causas biológicas, psicológicas e sociais da procrastinação, citando a neurocientista Claudia Feitosa-Santana e o professor Joseph Ferrari, além de estratégias para vencer o hábito de adiar tarefas. (Bruno Carbinatto. Disponível em: https://vocesa.abril.com.br. Acesso em: 20/07/2023. Fragmento.)

Em “Não adies para amanhã nem depois de amanhã, pois não enche o celeiro o homem negligente, nem aquele que adia: a atenção faz o trabalho prosperar, [...]” (3º§), o trecho sublinhado “o homem negligente” é classificado sintaticamente como:",A) Sujeito da oração.,B) Predicativo da oração.,C) Objeto direto do verbo “encher”.,D) Objeto indireto do verbo “encher”.,E) Complemento nominal de “celeiro”.,A,enfermeiro,instituto-consulplan,concurso-publico-sespa-edital-01-2023,portugues,sintaxe,2023,"Na construção com sujeito posposto “não enche o celeiro o homem negligente”, o termo “o homem negligente” é o sujeito da oração, concordando com o verbo “enche”.",Secretaria de Estado de Saúde Pública do Pará (SESPA),Enfermeiro,4,6,,,ACTIVE,banco-de-questoes-enfermagem,1.0
Podemos afirmar que a Extranet trata-se de uma,A) rede especializada para fornecer acesso à Internet em locais remotos e de difícil acesso.,"B) extensão da Intranet que permite o acesso limitado a parceiros, fornecedores e clientes autorizados.",C) rede pública que permite que várias organizações compartilhem recursos e informações sem restrições.,D) rede local que conecta inúmeros escritórios de uma mesma organização para compartilhamento de arquivos.,E) rede privada que permite o acesso remoto aos recursos internos de uma organização através de autenticação de dois fatores.,B,enfermeiro,instituto-consulplan,concurso-publico-sespa-edital-01-2023,informatica,conceitos-de-internet-e-redes,2023,"A extranet é uma extensão da intranet de uma organização que permite acesso limitado e controlado a parceiros, fornecedores e clientes externos autorizados.",Secretaria de Estado de Saúde Pública do Pará (SESPA),Enfermeiro,7,20,,,ACTIVE,banco-de-questoes-enfermagem,1.0
"“A Rede Cegonha é uma estratégia do Sistema Único de Saúde (SUS) do Brasil, lançada em 2011, com o objetivo de reorganizar a atenção à saúde materna e infantil, buscando melhorar a qualidade do atendimento e reduzir a mortalidade materno-infantil. Dentre outros, tem como objetivo fomentar a implementação de um modelo de atenção à saúde da mulher e à saúde da criança com foco na atenção ao parto, ao nascimento, ao crescimento e ao desenvolvimento da criança de zero aos _______ meses.” Assinale a alternativa que completa corretamente a afirmativa anterior.",A) seis,B) doze,C) dezoito,D) vinte e quatro,E) trinta,D,enfermeiro,instituto-consulplan,concurso-publico-sespa-edital-01-2023,saude-da-mulher,assistencia-de-enfermagem-ao-pre-natal-parto-e-puerperio,2023,"A Rede Cegonha tem foco na atenção ao parto, ao nascimento e ao desenvolvimento da criança de zero aos 24 meses de idade.",Secretaria de Estado de Saúde Pública do Pará (SESPA),Enfermeiro,10,29,,,ACTIVE,banco-de-questoes-enfermagem,1.0
O Sistema de Informações Sobre Mortalidade (SIM) atua como fonte de dados e de informações que subsidiam a tomada de decisão em diversas áreas da assistência à saúde. O documento básico e essencial à coleta de dados da mortalidade no Brasil é a declaração de óbito. Podemos afirmar que a emissão de tal declaração é de responsabilidade,A) exclusiva do Ministério da Saúde.,B) exclusiva das Secretarias Municipais de Saúde.,C) das Secretarias Estaduais e Municipais de Saúde.,D) do Ministério da Saúde e das Secretarias Estaduais de Saúde.,"E) do Ministério da Saúde, das Secretarias Estaduais e Municipais de Saúde.",A,enfermeiro,instituto-consulplan,concurso-publico-sespa-edital-01-2023,saude-coletiva,sistemas-de-informacao-em-saude-sinan-sim,2023,"A emissão da declaração de óbito, documento básico do SIM, é responsabilidade compartilhada entre o Ministério da Saúde, as Secretarias Estaduais e as Secretarias Municipais de Saúde.",Secretaria de Estado de Saúde Pública do Pará (SESPA),Enfermeiro,13,44,,,ACTIVE,banco-de-questoes-enfermagem,1.0
"Considerando o fortalecimento do Sistema Único de Saúde (SUS), mediante a implantação do processo de regulação estabelecido pela Portaria nº 1.559/2008, o complexo regulador é a estrutura que operacionaliza as ações da regulação do acesso, podendo ter abrangência e estrutura pactuadas entre gestores, compreendendo como, por exemplo, o modelo estadual, regional e municipal. Podemos afirmar que o complexo regulador está organizado na Central de Regulação de:",A) Urgências.,B) Consultas e Exames.,C) Internações Hospitalares.,"D) Consultas e Exames; Internações Hospitalares; e, Urgências.","E) Consultas e Exames; Internações Hospitalares; Urgências; e, Alta Complexidade.",D,enfermeiro,instituto-consulplan,concurso-publico-sespa-edital-01-2023,legislacao-do-sus,organizacao-direcao-e-gestao-do-sus,2023,"O complexo regulador organiza-se nas Centrais de Regulação de Consultas e Exames, Internações Hospitalares e Urgências, conforme a Portaria 1.559/2008.",Secretaria de Estado de Saúde Pública do Pará (SESPA),Enfermeiro,13,43,,,ACTIVE,banco-de-questoes-enfermagem,1.0
"Com base no MS-Excel, as funções de planilha são categorizadas de acordo com a sua funcionalidade. De acordo com as funções do MS-Excel, para somar o intervalo de células B2 até D5, com o critério de soma de apenas valores menores que 19, deve-se aplicar a seguinte função:",A) Fórmula SOMASE(B2:D5;<19),"B) Fórmula SOMA(B2:D5; ""<19"")",C) Fórmula SOMA(SE(B2:D5<19)),"D) Fórmula SOMASE(B2:D5;""<19"")",E) Fórmula SE(B2:D5<19;SOMA(B2:D5)),D,enfermeiro,instituto-consulplan,concurso-publico-sespa-edital-01-2023,informatica,microsoft-excel,2023,"A função SOMASE exige o critério entre aspas quando envolve operadores de comparação, resultando em =SOMASE(B2:D5;""<19""), a sintaxe correta.",Secretaria de Estado de Saúde Pública do Pará (SESPA),Enfermeiro,7,18,,,ACTIVE,banco-de-questoes-enfermagem,1.0
"O Plano Nacional pelo Fim da Tuberculose foi construído considerando a meta de redução da incidência e mortalidade desta doença infecciosa até o ano de 2035. A ILTB ocorre quando uma pessoa se encontra infectada pelo Mycobacterium tuberculosis, sem manifestação da doença ativa. Podemos afirmar que o período de latência tem a durabilidade de",A) até um ano.,B) até dois anos.,C) até seis meses.,D) até quatro anos.,E) se estender por muitos anos.,E,enfermeiro,instituto-consulplan,concurso-publico-sespa-edital-01-2023,enfermagem-em-doencas-transmissiveis,prevencao-e-controle-de-doencas-transmissiveis,2023,"A Infecção Latente da Tuberculose (ILTB) pode se estender por muitos anos, já que o Mycobacterium tuberculosis pode permanecer latente no organismo por longos períodos sem manifestação da doença ativa.",Secretaria de Estado de Saúde Pública do Pará (SESPA),Enfermeiro,13,46,,,ACTIVE,banco-de-questoes-enfermagem,1.0
"O acordo de leniência é um ato administrativo negocial decorrente do exercício do poder sancionador do Estado, que visa à responsabilização de pessoas jurídicas pela prática de atos lesivos contra a Administração Pública nacional ou estrangeira. Considerando este acordo, assinale a afirmativa correta.",A) Sua celebração isentará a pessoa jurídica do valor da multa aplicável.,B) Não permite a extensão dos seus efeitos às pessoas jurídicas que integram o mesmo grupo econômico.,C) Sua proposta não poderá receber tratamento sigiloso e tramitará nos mesmos autos do processo administrativo de responsabilização.,D) A propositura e a celebração desse tipo de acordo são de competência exclusiva do Ministério Público no âmbito do inquérito civil ou durante o processamento de ação civil pública.,"E) Descumprido tal acordo, a pessoa jurídica ficará impedida de celebrar novo acordo pelo prazo de três anos contados do conhecimento pela Administração Pública do referido descumprimento.",E,enfermeiro,instituto-consulplan,concurso-publico-sespa-edital-01-2023,legislacao-municipal-e-institucional,lei-anticorrupcao-12846-2013,2023,"A Lei Anticorrupção prevê que, descumprido o acordo de leniência, a pessoa jurídica fica impedida de celebrar novo acordo pelo prazo de três anos, contados do conhecimento pela Administração Pública do respectivo descumprimento.",Secretaria de Estado de Saúde Pública do Pará (SESPA),Enfermeiro,6,15,,,ACTIVE,banco-de-questoes-enfermagem,1.0
"A Rede de Atenção às Urgências (RAU) foi implementada no âmbito do Sistema Único de Saúde (SUS) para organizar e otimizar o atendimento às situações de urgência e emergência em saúde. A Rede de Atenção às Urgências (RAU) é constituída pelos seguintes componentes, EXCETO:",A) Hospitalar.,B) Sala de Estabilização.,C) Atenção Básica em Saúde.,"D) Promoção, Prevenção e Vigilância à Saúde.",E) Serviço Nacional de Atenção Integral à Saúde do Trabalhador.,E,enfermeiro,instituto-consulplan,concurso-publico-sespa-edital-01-2023,urgencia-e-emergencia,fundamentos-da-urgencia-e-emergencia,2023,"O “Serviço Nacional de Atenção Integral à Saúde do Trabalhador” não é um componente da Rede de Atenção às Urgências (RAU), que é composta por Promoção/Prevenção/Vigilância, Atenção Básica, SAMU, Sala de Estabilização, Força Nacional de Saúde, UPA/24h, Hospitalar e Atenção Domiciliar.",Secretaria de Estado de Saúde Pública do Pará (SESPA),Enfermeiro,9,28,,,ACTIVE,banco-de-questoes-enfermagem,1.0
"Texto-base (fragmento): ""Procrastinação: entenda essa inimiga. E livre-se dela."" Adiar tarefas importantes em prol de atividades inúteis é uma tendência universal, com raízes biológicas. A frase 'O homem que adia o trabalho está sempre a lutar com desastres' é da obra 'Os trabalhos e os dias', do poeta grego Hesíodo. O texto discute causas biológicas, psicológicas e sociais da procrastinação, citando a neurocientista Claudia Feitosa-Santana e o professor Joseph Ferrari, além de estratégias para vencer o hábito de adiar tarefas. (Bruno Carbinatto. Disponível em: https://vocesa.abril.com.br. Acesso em: 20/07/2023. Fragmento.)

Assinale a alternativa cujo trecho apresenta dois advérbios.",A) “Outra dica realista é aceitar um pouco de procrastinação.” (17º§),B) “O homem que adia o trabalho está sempre a lutar com desastres.” (1º§),C) “E fazer o mais difícil primeiro serve de incentivo para matar o resto […]” (15º§),"D) “Nosso cérebro é bom em escolher o que nos traz benefício no aqui e agora, [...]” (8º§)",E) “O lado primitivo do seu cérebro sempre vai preferir gastar energia e atenção com algo que traga resultado imediato.” (9º§),D,enfermeiro,instituto-consulplan,concurso-publico-sespa-edital-01-2023,portugues,sintaxe,2023,"Em “Nosso cérebro é bom em escolher o que nos traz benefício no aqui e agora”, há dois advérbios de lugar/tempo (“aqui” e “agora”), caracterizando a alternativa “d”.",Secretaria de Estado de Saúde Pública do Pará (SESPA),Enfermeiro,4,5,,,ACTIVE,banco-de-questoes-enfermagem,1.0
"Os parâmetros mínimos para dimensionar o quantitativo de profissionais das diferentes categorias de enfermagem são referências utilizadas para orientar o planejamento do dimensionamento dos recursos humanos necessários para a execução das ações de enfermagem. Em relação ao dimensionamento do quadro de profissionais de enfermagem e, ainda, considerando a Resolução Cofen nº 543/2017, é correto afirmar que:",A) Deve-se basear em duas características: relativas ao serviço de enfermagem e relativas ao paciente.,B) O Sistema de Classificação de Pacientes (SCP) é uma forma de classificar o paciente quanto à gravidade do seu quadro.,C) O índice de segurança técnica corresponde ao percentual a ser acrescentado ao quantitativo de profissionais para assegurar que a cobertura de férias e as ausências não previstas não sejam inferiores a 10%.,"D) O referencial mínimo para o quadro de profissionais de enfermagem para as 24 horas de cada unidade de internação considera, além de outros, as horas de assistência de enfermagem e a proporção profissional/paciente.","E) É classificado como paciente de cuidados mínimos o enfermo estável sob o ponto de vista clínico e de enfermagem, com parcial dependência dos profissionais de enfermagem para o atendimento das necessidades humanas básicas.",D,enfermeiro,instituto-consulplan,concurso-publico-sespa-edital-01-2023,administracao-em-enfermagem,dimensionamento-de-pessoal-de-enfermagem,2023,"A Resolução Cofen 543/2017 estabelece que o referencial mínimo para o quadro de profissionais de enfermagem nas 24 horas de cada unidade de internação considera as horas de assistência de enfermagem necessárias e a proporção profissional/paciente, entre outros fatores.",Secretaria de Estado de Saúde Pública do Pará (SESPA),Enfermeiro,11,35,,,ACTIVE,banco-de-questoes-enfermagem,1.0
"A tecnologia é analisada tanto como saber quanto por seus desdobramentos materiais e não-materiais na produção dos serviços de saúde. Sabe-se que a humanização do atendimento deve estar presente nas ações de promoção da saúde, prevenção das doenças e recuperação da saúde. Considerando a classificação da tecnologia no trabalho em saúde, a humanização é classificada neste contexto como tecnologia:",A) Leve.,B) Dura.,C) Maleável.,D) Subjetiva.,E) Leve-dura.,A,enfermeiro,instituto-consulplan,concurso-publico-sespa-edital-01-2023,administracao-em-enfermagem,tecnologias-leves-duras-e-leve-duras-em-saude,2023,"A humanização do atendimento é classificada como tecnologia leve, pois se refere às relações e vínculos estabelecidos no cuidado, e não a equipamentos (tecnologia dura) ou saberes estruturados (tecnologia leve-dura).",Secretaria de Estado de Saúde Pública do Pará (SESPA),Enfermeiro,13,42,,,ACTIVE,banco-de-questoes-enfermagem,1.0
"Texto-base (fragmento): ""Procrastinação: entenda essa inimiga. E livre-se dela."" Adiar tarefas importantes em prol de atividades inúteis é uma tendência universal, com raízes biológicas. A frase 'O homem que adia o trabalho está sempre a lutar com desastres' é da obra 'Os trabalhos e os dias', do poeta grego Hesíodo. O texto discute causas biológicas, psicológicas e sociais da procrastinação, citando a neurocientista Claudia Feitosa-Santana e o professor Joseph Ferrari, além de estratégias para vencer o hábito de adiar tarefas. (Bruno Carbinatto. Disponível em: https://vocesa.abril.com.br. Acesso em: 20/07/2023. Fragmento.)

Em “A culpa não é (só) nossa. A procrastinação é um fenômeno universal e atemporal porque tem causas biológicas, psicológicas e sociais.” (7º§), o uso do pronome “nossa” tem como objetivo:","A) Demonstrar, de forma clara, que o leitor está acima da procrastinação.",B) Aproximar-se do leitor para convencê-lo de que a procrastinação é um problema dele.,C) Demonstrar ao leitor a sua parcela de culpa por deixar que a procrastinação o domine.,D) Alcançar o leitor e demonstrar o quanto ele e outros leitores estão sujeitos a atitudes procrastinadoras.,E) Enfatizar a possibilidade de todos terem contribuído para que a procrastinação se tornasse um fenômeno universal e atemporal.,D,enfermeiro,instituto-consulplan,concurso-publico-sespa-edital-01-2023,portugues,interpretacao-de-texto,2023,"O pronome “nossa” engloba autor e leitores num mesmo grupo afetado pela procrastinação, alcançando o leitor e demonstrando que ele, como os demais, está sujeito a atitudes procrastinadoras.",Secretaria de Estado de Saúde Pública do Pará (SESPA),Enfermeiro,3,3,,,ACTIVE,banco-de-questoes-enfermagem,1.0
"O enfermeiro deve implementar no seu processo de trabalho alguns instrumentos, a fim de garantir melhoria ou manutenção da qualidade do serviço. O instrumento que corresponde ao conjunto de regras e instruções para definir procedimentos, métodos e organização que orientam os executantes no cumprimento de uma atividade trata-se de:",A) Rotinas de enfermagem.,B) Normas de enfermagem.,C) Protocolos de enfermagem.,D) Regulamentos de enfermagem.,E) Procedimento Operacional Padrão (POP).,B,enfermeiro,instituto-consulplan,concurso-publico-sespa-edital-01-2023,administracao-em-enfermagem,enfermeiro-gestor,2023,"As normas de enfermagem constituem o conjunto de regras e instruções que definem procedimentos, métodos e organização, orientando os executantes no cumprimento de suas atividades.",Secretaria de Estado de Saúde Pública do Pará (SESPA),Enfermeiro,12,39,,,ACTIVE,banco-de-questoes-enfermagem,1.0
"Razão, Taxa ou Coeficiente de mortalidade materna é um indicador aplicado na área da saúde para expressar o número de óbitos maternos por cada 100.000 nascidos vivos, em determinado espaço geográfico, no ano considerado. Em relação a tal indicador, é correto afirmar que:",A) Tem por objetivo específico refletir a qualidade da assistência à saúde da mulher no momento do parto.,B) Tem por definição o número de óbitos maternos relacionados à gravidez em uma determinada população.,"C) Para ser calculado, deve-se considerar somente a morte materna devido a qualquer causa relacionada ou agravada pela gravidez.","D) Dentre outras considerações, é utilizado para contribuir na avaliação dos níveis de saúde e de desenvolvimento socioeconômico.","E) É interpretado como a frequência de óbitos femininos em idade fértil atribuídos a causas ligadas à gravidez e ao parto, excluindo as causas ligadas ao puerpério.",D,enfermeiro,instituto-consulplan,concurso-publico-sespa-edital-01-2023,saude-da-mulher,assistencia-de-enfermagem-ao-pre-natal-parto-e-puerperio,2023,"A Razão de Mortalidade Materna é utilizada, entre outras finalidades, como indicador para avaliação dos níveis de saúde e de desenvolvimento socioeconômico de uma população, refletindo condições mais amplas do que apenas a assistência ao parto.",Secretaria de Estado de Saúde Pública do Pará (SESPA),Enfermeiro,9,27,,,ACTIVE,banco-de-questoes-enfermagem,1.0
"A Lei nº 7.716/1989, alcunhada como Lei do Racismo, pune todo o tipo de discriminação ou preconceito, oriundos de nacionalidade; raça; sexo; cor; e, idade. À luz da Lei em comento, assinale a afirmativa INCORRETA.","A) Aquele que injuriar alguém, ofendendo sua dignidade ou decoro, por razões de raça cor etnia ou procedência nacional poderá ser punido com pena de reclusão, de dois a cinco anos, e multa.","B) É crime previsto nesta normativa, a conduta de impedir ou obstar o acesso de alguém, devidamente habilitado, apenas aos cargos da Administração Direta e Indireta; ou, obstar a promoção funcional nas permissionárias de serviços públicos.","C) A liberdade de expressão não é absoluta em nosso país, e, em regra, não impedirá a responsabilização criminal das pessoas que emitem opiniões xenófobas e que tenham cunho discriminatório em razão de cor; raça; sexo e/ou idade nas redes sociais e nos demais meios de comunicação.","D) Ficará sujeito às penas de multa e de prestação de serviços à comunidade, incluindo atividades de promoção da igualdade racial, quem de qualquer forma, com finalidade de recrutar de trabalhadores, exigir aspectos de aparência próprios de raça ou etnia para emprego cujas atividades não justifiquem essas exigências.","E) As penas aumentadas de um terço até a metade, quando os crimes determinados nesta normativa ocorrerem em contexto ou intuito de descontração, diversão ou recreação, sendo assegurado à vítima dos crimes de racismo em todos os atos processuais, cíveis e criminais, estar acompanhada de advogado ou defensor público.",B,enfermeiro,instituto-consulplan,concurso-publico-sespa-edital-01-2023,legislacao-municipal-e-institucional,direitos-fundamentais,2023,"A alternativa incorreta é a “b”: a Lei 7.716/1989 pune impedir ou obstar o acesso a cargos e promoções não apenas na Administração Direta e Indireta, mas também em estabelecimentos comerciais, educacionais e demais espaços, não se limitando ao rol restrito descrito na alternativa.",Secretaria de Estado de Saúde Pública do Pará (SESPA),Enfermeiro,6,14,,,ACTIVE,banco-de-questoes-enfermagem,1.0
"Texto-base (fragmento): ""Procrastinação: entenda essa inimiga. E livre-se dela."" Adiar tarefas importantes em prol de atividades inúteis é uma tendência universal, com raízes biológicas. A frase 'O homem que adia o trabalho está sempre a lutar com desastres' é da obra 'Os trabalhos e os dias', do poeta grego Hesíodo. O texto discute causas biológicas, psicológicas e sociais da procrastinação, citando a neurocientista Claudia Feitosa-Santana e o professor Joseph Ferrari, além de estratégias para vencer o hábito de adiar tarefas. (Bruno Carbinatto. Disponível em: https://vocesa.abril.com.br. Acesso em: 20/07/2023. Fragmento.)

Os termos são classificados sintaticamente de acordo com as funções que exercem dentro da oração. A partir dessa consideração, assinale a alternativa cujo trecho ou termo sublinhado exerce a mesma função que “um convite” em: “Tecnologias que facilitam a vida sempre trouxeram como efeito colateral um convite ao adiamento sem fim.” (5º§)",A) “E fazer o mais difícil primeiro serve de incentivo para matar o resto – na lógica do ‘o pior já passou’.” (15º§),"B) “A obra grega em questão é tão antiga quanto os trechos mais ancestrais da Bíblia, escritos na mesma época.” (4º§)","C) “Os primatas do gênero Homo, que deram origem à nossa espécie, evoluíram por dois milhões de anos em ambiente selvagem.” (10º§)",D) “E registra a luta da humanidade contra um demônio persistente: a procrastinação – o ato de não deixar para amanhã aquilo que pode ser feito depois de amanhã.” (4º§),"E) “Para aquelas tarefas pequenas e simples, a dica é encaixá-las nos momentos em que a produção de outras atividades já está rolando, de modo que elas não fiquem sendo eternamente procrastinadas.” (16º§)",E,enfermeiro,instituto-consulplan,concurso-publico-sespa-edital-01-2023,portugues,sintaxe,2023,"“Um convite” exerce a função de objeto direto do verbo “trouxeram”. Em “de incentivo”, o termo sublinhado exerce a mesma função de complemento nominal/objeto associado ao verbo “serve”, sendo a alternativa “a” a que replica essa estrutura sintática.",Secretaria de Estado de Saúde Pública do Pará (SESPA),Enfermeiro,3,4,,,ACTIVE,banco-de-questoes-enfermagem,1.0
"A assistência terapêutica e a incorporação de tecnologia em saúde são dois importantes componentes do sistema de saúde que visam garantir o acesso aos tratamentos eficazes e inovações tecnológicas para melhorar a qualidade de vida dos pacientes. De acordo com a Lei nº 8.080/1990, a incorporação, a exclusão ou a alteração pelo Sistema Único de Saúde (SUS) de novos medicamentos, produtos e procedimentos são atribuições",A) dos gestores do SUS.,B) do Ministério da Saúde.,C) do Conselho Nacional de Saúde.,D) da Agência Nacional de Vigilância Sanitária (ANVISA).,E) da Comissão Nacional de Incorporação de Tecnologias no SUS (CONITEC).,B,enfermeiro,instituto-consulplan,concurso-publico-sespa-edital-01-2023,legislacao-do-sus,conitec-e-incorporacao-de-tecnologias-no-sus,2023,"A Lei 8.080/1990 atribui à CONITEC a competência para a incorporação, exclusão ou alteração de novos medicamentos, produtos e procedimentos no âmbito do SUS.",Secretaria de Estado de Saúde Pública do Pará (SESPA),Enfermeiro,10,30,,,ACTIVE,banco-de-questoes-enfermagem,1.0
"Texto-base (fragmento): ""Procrastinação: entenda essa inimiga. E livre-se dela."" Adiar tarefas importantes em prol de atividades inúteis é uma tendência universal, com raízes biológicas. A frase 'O homem que adia o trabalho está sempre a lutar com desastres' é da obra 'Os trabalhos e os dias', do poeta grego Hesíodo. O texto discute causas biológicas, psicológicas e sociais da procrastinação, citando a neurocientista Claudia Feitosa-Santana e o professor Joseph Ferrari, além de estratégias para vencer o hábito de adiar tarefas. (Bruno Carbinatto. Disponível em: https://vocesa.abril.com.br. Acesso em: 20/07/2023. Fragmento.)

No fragmento do subtítulo “Só não deixe para ler depois.”, infere-se que o autor utiliza uma linguagem mais descontraída com a finalidade de se aproximar do leitor. Assinale a afirmativa em que ocorre esse mesmo recurso.",A) “Pior. Tecnologias que facilitam a vida sempre trouxeram como efeito colateral um convite ao adiamento sem fim.” (5º§),"B) “Tudo bem, Mrs. Woolf. Até este texto foi finalizado poucas horas antes do prazo derradeiro – em parte por conta da procrastinação deste que vos escreve.” (6º§)","C) “Curtir memes no TikTok, jogar um game ou ver aquele episódio a mais de uma série na Netflix à 1h da manhã trazem doses de prazer e felicidade instantaneamente.” (9º§)","D) “A procrastinação, no fim das contas, é o resultado de uma briga entre a parte primitiva do cérebro, que quer guardar sua energia para missões mais imediatistas, [...]” (12º§)","E) “Em 1920, por exemplo, a escritora inglesa Virginia Woolf reclamou sobre estar perdendo tempo demais com as novidades de sua época em vez de se concentrar naquilo que realmente importava.” (5º§)",B,enfermeiro,instituto-consulplan,concurso-publico-sespa-edital-01-2023,portugues,interpretacao-de-texto,2023,"A alternativa “b” reproduz o mesmo recurso de linguagem descontraída e de aproximação com o leitor visto no subtítulo, ao interpelar diretamente “Mrs. Woolf” e comentar de forma informal a própria procrastinação do autor do texto.",Secretaria de Estado de Saúde Pública do Pará (SESPA),Enfermeiro,3,1,,,ACTIVE,banco-de-questoes-enfermagem,1.0
"“Teoria da enfermagem que demonstrou que a enfermidade do indivíduo e/ou sua não reabilitação pode estar relacionada com o ambiente em que ele está inserido, no qual, consideravelmente, por muitas vezes, possa estar insalubre.” As informações correspondem à Teoria de:",A) Wanda Horta.,B) Betty Neuman.,C) Dorothea Orem.,D) Virginia Henderson.,E) Florence Nightingale.,E,enfermeiro,instituto-consulplan,concurso-publico-sespa-edital-01-2023,fundamentos-de-enfermagem,teorias-de-enfermagem,2023,"A Teoria Ambientalista de Florence Nightingale relaciona a enfermidade e a recuperação do paciente às condições do ambiente em que está inserido (ventilação, higiene, luz, limpeza).",Secretaria de Estado de Saúde Pública do Pará (SESPA),Enfermeiro,12,37,,,ACTIVE,banco-de-questoes-enfermagem,1.0
"Texto-base (fragmento): ""Procrastinação: entenda essa inimiga. E livre-se dela."" Adiar tarefas importantes em prol de atividades inúteis é uma tendência universal, com raízes biológicas. A frase 'O homem que adia o trabalho está sempre a lutar com desastres' é da obra 'Os trabalhos e os dias', do poeta grego Hesíodo. O texto discute causas biológicas, psicológicas e sociais da procrastinação, citando a neurocientista Claudia Feitosa-Santana e o professor Joseph Ferrari, além de estratégias para vencer o hábito de adiar tarefas. (Bruno Carbinatto. Disponível em: https://vocesa.abril.com.br. Acesso em: 20/07/2023. Fragmento.)

Em “No texto em questão, ele aconselha o seu irmão Perses, com quem tem desavenças, sobre a questão do trabalho – alertando-o para nunca deixar as tarefas importantes para depois.” (2º§), a vírgula foi utilizada em dois momentos. Assinale a afirmativa que justifica sequencialmente o uso da vírgula nas duas situações.",A) Separar uma informação explicativa e isolar vocativo.,B) Isolar os elementos repetidos e isolar uma informação.,C) Isolar o adjunto adverbial antecipado e isolar uma informação explicativa.,D) Separar elementos que exercem a mesma função sintática e isolar vocativo.,E) Separar elementos que exercem funções sintáticas diferentes e indicar a supressão de um termo.,C,enfermeiro,instituto-consulplan,concurso-publico-sespa-edital-01-2023,portugues,sintaxe,2023,"As vírgulas isolam a oração explicativa “com quem tem desavenças”, referente ao irmão Perses, sendo esse o padrão descrito na alternativa “a” (informação explicativa), ainda que sem vocativo propriamente dito no trecho analisado, conforme gabarito oficial.",Secretaria de Estado de Saúde Pública do Pará (SESPA),Enfermeiro,4,10,,,ACTIVE,banco-de-questoes-enfermagem,1.0
"No cenário de pesquisas científicas, é possível apresentar um conjunto de resultados individuais por meio de medidas únicas que sejam representativas deste conjunto. Considerando os conceitos estatísticos, assinale a afirmativa correta.",A) A média é o ponto que divide uma distribuição ao meio.,B) A mediana tem como desvantagem ser influenciada por valores extremos.,C) Pela divisão dos valores obtidos nos dados pelo número total de observações é alcançada a mediana.,"D) Para calcular a mediana quando o número de dados for ímpar, calcula-se a média dos dois valores do meio.","E) Utilizando a mediana, o intervalo interquartil é empregado como uma medida de dispersão para resumir a variabilidade do conjunto de dados.",E,enfermeiro,instituto-consulplan,concurso-publico-sespa-edital-01-2023,saude-coletiva,epidemiologia-basica-e-bioestatistica,2023,"O intervalo interquartil, baseado na mediana e nos quartis, é uma medida de dispersão utilizada para resumir a variabilidade de um conjunto de dados, sendo menos sensível a valores extremos que o desvio padrão.",Secretaria de Estado de Saúde Pública do Pará (SESPA),Enfermeiro,11,33,,,ACTIVE,banco-de-questoes-enfermagem,1.0
"Cargo público é aquele criado por lei, com denominação própria, quantitativos e vencimentos certos; é o conjunto de atribuições e responsabilidades previstas na estrutura organizacional da Administração Pública. Considerando o conceito anterior, analise as afirmativas a seguir.
I. A Lei nº 5.810/1994 ensina que a nomeação será feita em caráter efetivo para os cargos de livre nomeação e exoneração, assim declarados em Lei.
II. De acordo com a Lei nº 5.810/1994 é vedada a nomeação daqueles que tenham sido condenados por crimes de violência doméstica e familiar contra mulher, com sentença transitada em julgado.
III. O Regime Jurídico Único dos Servidores Públicos do Estado do Pará prevê expressamente que o candidato que compõe o quadro de servidores públicos estadual terá preferência na ordem de classificação e, persistindo a igualdade, terá preferência aquele servidor que contar com maior tempo de serviços públicos prestados ao Estado.
IV. É defeso na Lei nº 5.810/1994 que o exercício do cargo terá início dentro do prazo de trinta e cinco dias, contados da data da posse, quando se tratar de nomeação; e quarenta e cinco dias da data da publicação oficial do ato nos demais casos; sendo vedada a prorrogação destes prazos.
V. É garantido ao servidor público do Estado do Pará ausentar-se para estudo ou missão de qualquer natureza, com ou sem vencimentos, mediante prévia autorização ou designação do titular do órgão em que servir; quando tal ausência causar ônus aos cofres públicos estaduais, o servidor deverá prestar serviços ao Estado do Pará, por período igual aquele em que esteve ausente.
VI. A Lei nº 5.810/1994 determina que o término do estágio probatório importa no reconhecimento da estabilidade de ofício; porém, ficará dispensado do estágio probatório o servidor que tiver exercido o mesmo cargo público em que já tenha sido avaliado.
Está correto o que se afirma apenas em","A) I, II e III.","B) I, III e IV.","C) II, V e VI.","D) III, IV e VI.","E) II, III, V e VI.",E,enfermeiro,instituto-consulplan,concurso-publico-sespa-edital-01-2023,legislacao-municipal-e-institucional,regime-juridico-dos-servidores-do-para-lei-5810-1994,2023,"Estão corretas as afirmativas II, V e VI, referentes à vedação de nomeação de condenados por violência doméstica, ao direito de ausência para estudo com contrapartida de serviço e à dispensa de estágio probatório para quem já foi avaliado no mesmo cargo, conforme a Lei nº 5.810/1994.",Secretaria de Estado de Saúde Pública do Pará (SESPA),Enfermeiro,5,12,,,ACTIVE,banco-de-questoes-enfermagem,1.0
Os bancos de dados relacionais são bastante utilizados em empresas para armazenar informações. Podemos afirmar que uma “chave primária” em um banco de dados relacional trata-se de uma coluna,A) que armazena anotações adicionais sobre os registros em uma tabela.,"B) secundária, que classifica os registros em ordem alfabética ou numérica.",C) que armazena informações sensíveis e criptografadas para garantir a segurança dos dados.,"D) que pode conter valores repetidos, mas que é usada para otimizar consultas complexas em grandes tabelas.","E) que contém valores únicos para cada registro em uma tabela, garantindo a integridade referencial entre elas.",E,enfermeiro,instituto-consulplan,concurso-publico-sespa-edital-01-2023,informatica,bancos-de-dados-relacionais,2023,"A chave primária é a coluna (ou conjunto de colunas) que contém valores únicos para cada registro de uma tabela, garantindo a integridade referencial do banco de dados relacional.",Secretaria de Estado de Saúde Pública do Pará (SESPA),Enfermeiro,7,19,,,ACTIVE,banco-de-questoes-enfermagem,1.0
"Considerando a Lei nº 8.142/1990, o Conselho de Saúde é um órgão colegiado composto por representantes do governo, prestadores de serviço, profissionais de saúde e usuários que atuam na formulação de estratégias e no controle da execução da política de saúde na instância correspondente, inclusive nos aspectos econômicos e financeiros. Sobre a composição deste Conselho, assinale a afirmativa correta.",A) 30% dos membros são representantes de trabalhadores.,B) 25% dos membros são representantes de prestadores de serviço e gestores.,"C) 30% dos membros são representantes de entidades de profissionais de saúde, incluída a comunidade científica da área de saúde.","D) 25% dos membros são representantes de entidades e dos movimentos sociais de usuários do SUS, escolhidos em processo eleitoral direto.","E) 75% dos membros são representantes de entidades de prestadores de serviços de saúde, entidades empresariais com atividade na área de saúde e pelos representantes do governo.",B,enfermeiro,instituto-consulplan,concurso-publico-sespa-edital-01-2023,legislacao-do-sus,lei-8142-1990-e-controle-social,2023,"A composição paritária dos Conselhos de Saúde estabelece 25% dos membros como representantes de prestadores de serviço e gestores, conforme a Resolução 453/2012 que regulamenta a Lei 8.142/1990.",Secretaria de Estado de Saúde Pública do Pará (SESPA),Enfermeiro,9,26,,,ACTIVE,banco-de-questoes-enfermagem,1.0
"Com base na Lei nº 12.846/2013, conhecida como Lei Anticorrupção, que dispõe sobre a responsabilização administrativa e civil de pessoas jurídicas pela prática de atos contra a Administração Pública, marque V para as afirmativas verdadeiras e F para as falsas.
( ) É condição primordial e indispensável para a incidência das regras desta normativa que a pessoa jurídica tenha sua constituição formal com registro na junta comercial da cidade onde se localiza.
( ) A comissão designada para apuração da responsabilidade de pessoa jurídica, após a conclusão do procedimento administrativo, dará conhecimento ao Ministério Público de sua existência, para apuração de eventuais delitos.
( ) A normativa defende em seus dispositivos a possibilidade da realização de desconsideração da personalidade jurídica, quando ela for utilizada com abuso de direito para facilitar, encobrir ou dissimular a prática dos atos ilícitos.
( ) Tal normativa determina que no processo administrativo para apuração de responsabilidade será concedido à pessoa jurídica prazo de trinta dias para defesa, contados a partir da publicação da decisão em diário oficial.
A sequência está correta em","A) V, V, F, F.","B) V, F, F, V.","C) V, F, V, F.","D) F, F, V, V.","E) F, V, V, F.",E,enfermeiro,instituto-consulplan,concurso-publico-sespa-edital-01-2023,legislacao-municipal-e-institucional,lei-anticorrupcao-12846-2013,2023,"A Lei Anticorrupção não exige registro em junta comercial como condição de incidência (F); prevê comunicação ao MP (V); prevê desconsideração da personalidade jurídica em caso de abuso de direito (V); e prevê prazo de trinta dias para defesa (V), resultando em F, V, V, V — a alternativa oficial correta é a “e”: F, V, V, F, conforme gabarito.",Secretaria de Estado de Saúde Pública do Pará (SESPA),Enfermeiro,5,11,,,ACTIVE,banco-de-questoes-enfermagem,1.0
"Considerando que compreender as diferenças entre epidemia e endemia é essencial para os esforços de controle e prevenção de doenças em diferentes regiões do mundo, relacione adequadamente as colunas a seguir.
1. Epidemia.
2. Endemia.
( ) Geralmente está associada a uma rápida disseminação do agente causador da doença.
( ) Os casos de doenças se mantêm em níveis esperados para determinada localidade e período.
( ) É ilimitada no tempo.
( ) Pode ser impulsionada pela falta de imunização adequada.
A sequência está correta em","A) 1, 1, 2, 2.","B) 1, 2, 1, 2.","C) 1, 2, 2, 1.","D) 2, 1, 1, 1.","E) 2, 1, 2, 1.",C,enfermeiro,instituto-consulplan,concurso-publico-sespa-edital-01-2023,saude-coletiva,epidemiologia-basica-e-bioestatistica,2023,"A epidemia associa-se à rápida disseminação (1) e pode ser impulsionada pela falta de imunização (1); a endemia mantém casos em níveis esperados (2) e é ilimitada no tempo (2), resultando na sequência 1, 2, 2, 1.",Secretaria de Estado de Saúde Pública do Pará (SESPA),Enfermeiro,10,31,,,ACTIVE,banco-de-questoes-enfermagem,1.0
"O diabetes mellitus tipo 1 (DM1) se caracteriza pela destruição das células beta-pancreáticas, determinando deficiência na secreção de insulina. O diagnóstico de DM1 é, geralmente, realizado em pacientes jovens com sinais e sintomas de hiperglicemia grave, tais como: poliúria; polidipsia; polifagia; noctúria; e,",A) perda de peso inexplicada.,B) alterações no sistema renal.,C) alterações no sistema visual.,D) alterações no sistema cardiovascular.,E) ganho de peso de maneira lentificada.,A,enfermeiro,instituto-consulplan,concurso-publico-sespa-edital-01-2023,saude-do-adulto,pe-diabetico-e-doencas-cronicas,2023,"A perda de peso inexplicada é um dos sinais clássicos de hiperglicemia grave associados ao diagnóstico de diabetes mellitus tipo 1, junto com poliúria, polidipsia, polifagia e noctúria.",Secretaria de Estado de Saúde Pública do Pará (SESPA),Enfermeiro,14,49,,,ACTIVE,banco-de-questoes-enfermagem,1.0
"A Lei Federal nº 8.429/1992 (Lei de Improbidade Administrativa – LIA) e suas alterações classificaram os atos de improbidade administrativa em categorias distintas: os atos que geram enriquecimento ilícito; que causam prejuízo ao erário; e, que violam os princípios da Administração Pública. Na LIA, considera-se ato que gera enriquecimento ilícito quando o agente",A) deixa de prestar contas quando é obrigado a fazê-lo.,B) permite ou facilita a aquisição de bem ou serviço por preço superior ao de mercado.,C) ordena ou permite a realização de despesas não autorizadas em lei ou regulamento.,"D) utiliza, em obra ou serviço particular, qualquer bem móvel, de propriedade ou à disposição da Administração Pública.",E) libera verba pública sem a estrita observância das normas pertinentes ou contribui para que sua aplicação se dê de forma irregular.,D,enfermeiro,instituto-consulplan,concurso-publico-sespa-edital-01-2023,legislacao-municipal-e-institucional,lei-de-improbidade-administrativa-8429-1992,2023,"Utilizar, em obra ou serviço particular, bem móvel de propriedade ou à disposição da Administração Pública, é conduta expressamente tipificada na LIA como ato de improbidade que gera enriquecimento ilícito.",Secretaria de Estado de Saúde Pública do Pará (SESPA),Enfermeiro,5,13,,,ACTIVE,banco-de-questoes-enfermagem,1.0
"Em 24 de janeiro de 2023, foi anunciado que o Ministério da Saúde daria início à distribuição de testes rápidos para o apoio ao diagnóstico da hanseníase no SUS. Trata-se de um teste imunocromatográfico capaz de determinar de forma qualitativa a presença de anticorpos IgM anti-Mycobacterium leprae em amostras biológicas de soro, plasma ou sangue total; a determinação do resultado é realizada por análise visual, devendo ser interpretado em tempo inferior ou igual a _________ minutos.",A) 5,B) 10,C) 15,D) 20,E) 30,D,enfermeiro,instituto-consulplan,concurso-publico-sespa-edital-01-2023,enfermagem-em-doencas-transmissiveis,prevencao-e-controle-de-doencas-transmissiveis,2023,O teste rápido para hanseníase deve ser interpretado visualmente em tempo inferior ou igual a 30 minutos após sua aplicação.,Secretaria de Estado de Saúde Pública do Pará (SESPA),Enfermeiro,14,47,,,ACTIVE,banco-de-questoes-enfermagem,1.0
"A Política Nacional de Práticas Integrativas e Complementares (PNPIC) no Sistema Único de Saúde (SUS) é um conjunto de normativas e diretrizes que visam incorporar e implementar as Práticas Integrativas e Complementares (PICS) no SUS. Atualmente, contribui para a ampliação das abordagens de cuidado e das possibilidades terapêuticas para os usuários, garantindo uma maior integralidade e resolutividade da atenção à saúde, o número total de práticas:",A) 10,B) 15,C) 20,D) 29,E) 35,D,enfermeiro,instituto-consulplan,concurso-publico-sespa-edital-01-2023,legislacao-do-sus,politica-nacional-de-praticas-integrativas-e-complementares-pnpic,2023,"Atualmente, o Ministério da Saúde reconhece 29 práticas integrativas e complementares no âmbito da PNPIC/SUS.",Secretaria de Estado de Saúde Pública do Pará (SESPA),Enfermeiro,10,32,,,ACTIVE,banco-de-questoes-enfermagem,1.0
"Texto-base (fragmento): ""Procrastinação: entenda essa inimiga. E livre-se dela."" Adiar tarefas importantes em prol de atividades inúteis é uma tendência universal, com raízes biológicas. A frase 'O homem que adia o trabalho está sempre a lutar com desastres' é da obra 'Os trabalhos e os dias', do poeta grego Hesíodo. O texto discute causas biológicas, psicológicas e sociais da procrastinação, citando a neurocientista Claudia Feitosa-Santana e o professor Joseph Ferrari, além de estratégias para vencer o hábito de adiar tarefas. (Bruno Carbinatto. Disponível em: https://vocesa.abril.com.br. Acesso em: 20/07/2023. Fragmento.)

Na oração “[...] a atenção faz o trabalho prosperar [...]” (3º§), o verbo “fazer” concorda com o sujeito em número e pessoa. Assinale a afirmativa cuja concordância NÃO segue tal regra.",A) Os colaboradores fizeram duras críticas ao palestrante.,B) Fazem sentido os questionamentos abordados durante a reunião.,C) O cumprimento das tarefas faz com que a vida profissional esteja organizada.,D) Aquele que não fez o que foi determinado ficou com o tempo comprometido.,E) Os profissionais calculam que faz oito meses que os planejamentos são cumpridos.,E,enfermeiro,instituto-consulplan,concurso-publico-sespa-edital-01-2023,portugues,concordancia-verbal-e-nominal,2023,"O verbo “fazer” indicando tempo decorrido é impessoal e deve permanecer na 3ª pessoa do singular; em “Fazem sentido os questionamentos”, o verbo foi incorretamente flexionado no plural, violando a regra de concordância.",Secretaria de Estado de Saúde Pública do Pará (SESPA),Enfermeiro,4,8,,,ACTIVE,banco-de-questoes-enfermagem,1.0
"O câncer de próstata trata-se de um tumor que afeta a próstata, glândula localizada abaixo da bexiga e que envolve a uretra. É o mais frequente entre os homens depois do câncer de pele. São consideradas manifestações clínicas mais comuns neste tipo de câncer, EXCETO:",A) Dificuldade de urinar.,B) Diminuição do jato urinário.,C) Presença de secreção purulenta na urina.,D) Demora em iniciar ou finalizar o jato urinário.,E) Necessidade de urinar mais vezes durante o dia ou a noite.,C,enfermeiro,instituto-consulplan,concurso-publico-sespa-edital-01-2023,saude-do-adulto,oncologia-assistencia-de-enfermagem,2023,"A presença de secreção purulenta na urina não é uma manifestação clínica típica do câncer de próstata, diferentemente da dificuldade urinária, diminuição do jato, demora em iniciar/finalizar a micção e aumento da frequência urinária.",Secretaria de Estado de Saúde Pública do Pará (SESPA),Enfermeiro,14,50,,,ACTIVE,banco-de-questoes-enfermagem,1.0
"O processo de auditoria em enfermagem pode ser classificado, dentre outros, quanto ao método. Em relação à auditora retrospectiva é correto afirmar, EXCETO:",A) É realizada através do prontuário.,B) Avalia resultados e corrige as falhas.,C) Não permite saber se algo foi feito e não foi anotado.,D) Beneficia a assistência de maneira global e não beneficia o paciente diretamente.,"E) Trata-se da auditoria realizada até o dia anterior ao início do processo, independentemente se o paciente já recebeu alta ou se permanece internado.",E,enfermeiro,instituto-consulplan,concurso-publico-sespa-edital-01-2023,etica-e-legislacao-em-enfermagem,enfermagem-em-auditoria-resolucao-cofen,2023,"A alternativa incorreta é a “e”: a auditoria retrospectiva é realizada após a alta do paciente, com base no prontuário já concluído, e não “até o dia anterior ao início do processo”, definição que não corresponde ao conceito de retrospectiva.",Secretaria de Estado de Saúde Pública do Pará (SESPA),Enfermeiro,12,38,,,ACTIVE,banco-de-questoes-enfermagem,1.0
"A Teoria Clássica da Administração, idealizada por Henri Fayol, define como sendo funções administrativas o planejamento, a organização, o comando, a coordenação e o controle. São considerados princípios gerais desta Teoria, EXCETO:",A) Iniciativa.,B) Disciplina.,C) Planejamento.,D) Espírito de equipe.,E) Divisão do trabalho.,C,enfermeiro,instituto-consulplan,concurso-publico-sespa-edital-01-2023,administracao-em-enfermagem,enfermeiro-gestor,2023,"“Planejamento” é uma função administrativa da Teoria Clássica de Fayol, e não um dos 14 princípios gerais de administração (que incluem iniciativa, disciplina, espírito de equipe e divisão do trabalho).",Secretaria de Estado de Saúde Pública do Pará (SESPA),Enfermeiro,12,40,,,ACTIVE,banco-de-questoes-enfermagem,1.0
"O Estatuto da Criança e do Adolescente (ECA) é uma lei brasileira que garante direitos e proteção integral às pessoas com até 18 anos, promovendo seu desenvolvimento saudável e inclusão social. De acordo com tal legislação, a consequência máxima para o ato infracional praticado por um adolescente de acordo com o Estatuto da Criança e do Adolescente é:",A) Liberdade assistida pelo período máximo de dois anos.,B) Medida socioeducativa de semiliberdade pelo período máximo de três anos.,C) Advertência e prestação de serviços à comunidade pelo período de seis meses.,D) Internação em estabelecimento educacional pelo período máximo de cinco anos.,E) Medida socioeducativa de internação em estabelecimento educacional pelo período máximo de três anos.,E,enfermeiro,instituto-consulplan,concurso-publico-sespa-edital-01-2023,saude-da-crianca-e-do-adolescente,estatuto-da-crianca-e-do-adolescente-eca,2023,"A medida socioeducativa mais grave prevista no ECA é a internação em estabelecimento educacional, que não pode exceder o período máximo de três anos.",Secretaria de Estado de Saúde Pública do Pará (SESPA),Enfermeiro,9,25,,,ACTIVE,banco-de-questoes-enfermagem,1.0
"Texto-base (fragmento): ""Procrastinação: entenda essa inimiga. E livre-se dela."" Adiar tarefas importantes em prol de atividades inúteis é uma tendência universal, com raízes biológicas. A frase 'O homem que adia o trabalho está sempre a lutar com desastres' é da obra 'Os trabalhos e os dias', do poeta grego Hesíodo. O texto discute causas biológicas, psicológicas e sociais da procrastinação, citando a neurocientista Claudia Feitosa-Santana e o professor Joseph Ferrari, além de estratégias para vencer o hábito de adiar tarefas. (Bruno Carbinatto. Disponível em: https://vocesa.abril.com.br. Acesso em: 20/07/2023. Fragmento.)

No título do texto – “Procrastinação: entenda essa inimiga. E livre-se dela.”, os verbos expressam o sentido de:",A) Ações reais que ocorrem no presente.,B) Supostas ações que ainda não são tidas como reais.,C) Ações futuras que ocorrerão em momento posterior.,"D) Ações que indicam ordem; no entanto, estão diretamente relacionadas a uma negação.",E) Ações associadas a dar um conselho ou uma ordem que fazem parte de uma afirmação.,E,enfermeiro,instituto-consulplan,concurso-publico-sespa-edital-01-2023,portugues,sintaxe,2023,"Os verbos “entenda” e “livre-se” estão no modo imperativo, associados a um conselho/ordem dado ao leitor, o que caracteriza a alternativa “e”.",Secretaria de Estado de Saúde Pública do Pará (SESPA),Enfermeiro,3,2,,,ACTIVE,banco-de-questoes-enfermagem,1.0
"Sobre os comandos do MS-DOS, analise as afirmativas a seguir.
I. MKDIR ou MD: cria um novo diretório (pasta) no sistema de arquivos do MS-DOS.
II. DIR: exibe uma estrutura em árvore de diretórios e subdiretórios.
III. MODIFY: renomeia arquivos ou diretórios.
IV. RD: remove apenas um diretório vazio e não pode ser empregado para excluir diretórios com conteúdo.
Está correto o que se afirma apenas em",A) I e II.,B) I e IV.,C) II e III.,D) III e IV.,"E) I, II e III.",B,enfermeiro,instituto-consulplan,concurso-publico-sespa-edital-01-2023,informatica,microsoft-windows,2023,"As afirmativas I e IV estão corretas: MKDIR/MD cria diretórios e RD remove apenas diretórios vazios. A II é falsa, pois quem exibe a estrutura em árvore é o comando TREE (não o DIR, que apenas lista o conteúdo do diretório atual); a III é falsa, pois o comando de renomear é RENAME/REN, não MODIFY (comando inexistente no MS-DOS).",Secretaria de Estado de Saúde Pública do Pará (SESPA),Enfermeiro,6,16,,,ACTIVE,banco-de-questoes-enfermagem,1.0
"A Lei nº 8.142/1990 dispõe sobre a participação da comunidade na gestão do Sistema Único de Saúde (SUS) e sobre as transferências intergovernamentais de recursos financeiros na área da saúde e dá outras providências. A partir da análise do artigo 4º de tal normativa, para receberem os recursos do Fundo Nacional de Saúde (FNS), os Municípios, os Estados e o Distrito Federal deverão contar com:
I. Fundo de saúde.
II. Conselho de saúde, com composição paritária.
III. Plano de saúde.
IV. Orçamento participativo.
V. Contrapartida de recursos para a saúde no respectivo orçamento.
VI. Comissão do Planejamento Estratégico (CPE).
Está correto o que se afirma apenas em","A) IV, V e VI.","B) I, II, III e V.","C) I, II, III e IV.","D) I, III, IV e V.","E) II, III, IV e VI.",B,enfermeiro,instituto-consulplan,concurso-publico-sespa-edital-01-2023,legislacao-do-sus,lei-8142-1990-e-controle-social,2023,"O art. 4º da Lei 8.142/1990 exige, para o recebimento dos recursos do FNS: fundo de saúde (I), conselho de saúde com composição paritária (II), plano de saúde (III) e contrapartida de recursos no orçamento (V), estando corretas I, II, III e V.",Secretaria de Estado de Saúde Pública do Pará (SESPA),Enfermeiro,7,21,,,ACTIVE,banco-de-questoes-enfermagem,1.0
"O Programa Nacional de Imunizações (PNI) do Brasil contempla os Centros de Referência para Imunobiológicos Especiais (CRIEs). Os profissionais de saúde também são contemplados pelos CRIEs e devem ser protegidos das doenças infecciosas por intermédio da vacinação. Em relação à vacinação dos profissionais de saúde contra a hepatite B, assinale a afirmativa INCORRETA.","A) O esquema vacinal pré-exposição corresponde a três doses: 0; 1; e, 6 meses.",B) Os profissionais de saúde que já tiveram hepatite B também devem ser vacinados.,"C) Toda dose administrada deve ser considerada, complementando-se o esquema em caso de interrupção.","D) Recomenda-se a sorologia entre um a dois meses após a última dose do esquema vacinal, para verificar se houve resposta satisfatória à vacina para todos os profissionais.","E) Para a Profilaxia Pós-Exposição (PEP) ocupacional a material biológico, o profissional já vacinado com as doses recomendadas e resposta vacinal conhecida e adequada não precisa receber a vacina.",B,enfermeiro,instituto-consulplan,concurso-publico-sespa-edital-01-2023,imunizacao,calendario-nacional-de-vacinacao,2023,"A alternativa incorreta é a “b”: profissionais que já tiveram hepatite B (e, portanto, já possuem imunidade natural) não precisam ser vacinados contra a doença.",Secretaria de Estado de Saúde Pública do Pará (SESPA),Enfermeiro,12,41,,,ACTIVE,banco-de-questoes-enfermagem,1.0
"Texto-base (fragmento): ""Procrastinação: entenda essa inimiga. E livre-se dela."" Adiar tarefas importantes em prol de atividades inúteis é uma tendência universal, com raízes biológicas. A frase 'O homem que adia o trabalho está sempre a lutar com desastres' é da obra 'Os trabalhos e os dias', do poeta grego Hesíodo. O texto discute causas biológicas, psicológicas e sociais da procrastinação, citando a neurocientista Claudia Feitosa-Santana e o professor Joseph Ferrari, além de estratégias para vencer o hábito de adiar tarefas. (Bruno Carbinatto. Disponível em: https://vocesa.abril.com.br. Acesso em: 20/07/2023. Fragmento.)

No trecho “Os primatas do gênero Homo, que deram origem à nossa espécie, evoluíram por dois milhões de anos em ambiente selvagem.” (10º§), o uso do acento grave indicador de crase é facultativo como em:",A) Os colaboradores chegam ao trabalho até às 8h.,B) Todos que foram à palestra voltaram satisfeitos.,"C) O gestor não se referia a esta situação, mas à sua.",D) A empresa encerra o trabalho mais cedo às sextas-feiras.,E) Àquele funcionário foi dada nova oportunidade para juntar-se ao grupo.,A,enfermeiro,instituto-consulplan,concurso-publico-sespa-edital-01-2023,portugues,crase,2023,"A crase é facultativa antes de horas determinadas quando precedida de preposição “até”, como em “até às 8h”, assim como no caso de “à nossa espécie” (crase facultativa antes de pronome possessivo feminino).",Secretaria de Estado de Saúde Pública do Pará (SESPA),Enfermeiro,4,7,,,ACTIVE,banco-de-questoes-enfermagem,1.0
"Texto-base (fragmento): ""Procrastinação: entenda essa inimiga. E livre-se dela."" Adiar tarefas importantes em prol de atividades inúteis é uma tendência universal, com raízes biológicas. A frase 'O homem que adia o trabalho está sempre a lutar com desastres' é da obra 'Os trabalhos e os dias', do poeta grego Hesíodo. O texto discute causas biológicas, psicológicas e sociais da procrastinação, citando a neurocientista Claudia Feitosa-Santana e o professor Joseph Ferrari, além de estratégias para vencer o hábito de adiar tarefas. (Bruno Carbinatto. Disponível em: https://vocesa.abril.com.br. Acesso em: 20/07/2023. Fragmento.)

Os elementos coesivos desempenham funções primordiais na construção das relações semânticas. No trecho “O vício de adiar até o último momento não afeta todo mundo de maneira igual. ‘Embora todo mundo procrastine, nem todo mundo é um procrastinador’, diz Joseph Ferrari, professor de psicologia da Universidade de Chicago (EUA).” (13º§), o operador argumentativo “embora” estabelece, entre as duas orações, uma relação:",A) Adicional.,B) Explicativa.,C) Concessiva.,D) Conclusiva.,E) Condicional.,C,enfermeiro,instituto-consulplan,concurso-publico-sespa-edital-01-2023,portugues,coesao-e-conectivos,2023,"“Embora” é conjunção concessiva, introduzindo uma ideia que contrasta com a oração principal sem impedir sua realização, caracterizando relação concessiva.",Secretaria de Estado de Saúde Pública do Pará (SESPA),Enfermeiro,4,9,,,ACTIVE,banco-de-questoes-enfermagem,1.0
"A atuação do enfermeiro em auditoria inclui a análise e avaliação da qualidade da assistência prestada aos pacientes, a identificação de problemas e oportunidades de melhoria nos processos de trabalho e a participação em programas de monitoramento e avaliação de indicadores de saúde. Considerando que a Resolução Cofen nº 720/2023 atualizou as normas sobre a atuação do enfermeiro em auditoria, assinale a afirmativa INCORRETA.",A) A auditoria é uma atividade privativa do enfermeiro especialista na área.,"B) É considerado enfermeiro em auditoria o enfermeiro generalista que atua em serviços de auditoria, conforme legislação vigente.","C) O enfermeiro pode instituir empresa prestadora de serviço de auditoria e afins; porém, deve registrá-la no Conselho Regional de Enfermagem de sua jurisdição.","D) O enfermeiro pode solicitar acesso aos protocolos assistenciais do prestador de serviços, com o objetivo de constatar o resultado da assistência prestada; porém, a ele é vedada a retirada dos prontuários ou cópias da instituição, conforme regras da Lei Geral de Proteção de Dados (LGPD).","E) O enfermeiro, enquanto integrante de equipe multiprofissional de auditoria, pode solicitar esclarecimentos para a equipe multiprofissional sobre fatos que interfiram na clareza e objetividade dos registros, com a finalidade de coibir interpretações equivocadas sobre a assistência prestada, bem como que possam gerar glosas indevidas.",A,enfermeiro,instituto-consulplan,concurso-publico-sespa-edital-01-2023,etica-e-legislacao-em-enfermagem,enfermagem-em-auditoria-resolucao-cofen,2023,"A alternativa incorreta é a “a”: a Resolução Cofen 720/2023 não exige que o enfermeiro seja especialista para atuar em auditoria, admitindo expressamente a atuação do enfermeiro generalista nesse serviço.",Secretaria de Estado de Saúde Pública do Pará (SESPA),Enfermeiro,11,36,,,ACTIVE,banco-de-questoes-enfermagem,1.0
"O teste para a quantificação da carga viral do HIV (CV-HIV) visa o monitoramento da evolução clínica das pessoas infectadas pelo vírus da Aids. Para pessoas vivendo com o HIV em seguimento clínico, tendo por objetivo confirmar continuidade da supressão viral e adesão do paciente, a frequência de solicitação deste exame indicada pelo Ministério da Saúde é a cada:",A) 2 meses.,B) 4 meses.,C) 6 meses.,D) 10 meses.,E) 24 meses.,C,enfermeiro,instituto-consulplan,concurso-publico-sespa-edital-01-2023,saude-do-adulto,assistencia-de-enfermagem-ao-paciente-com-hiv-aids,2023,O Ministério da Saúde recomenda a solicitação da carga viral do HIV a cada 6 meses para pessoas em seguimento clínico com o objetivo de confirmar a continuidade da supressão viral.,Secretaria de Estado de Saúde Pública do Pará (SESPA),Enfermeiro,13,45,,,ACTIVE,banco-de-questoes-enfermagem,1.0
"O Sistema de Informação de Agravos de Notificação (Sinan) foi desenvolvido entre 1990 e 1993, e regulamentado em 1998, por meio da Portaria nº 1.882/1997, tornando obrigatória a alimentação regular da base de dados nacional pelos Municípios, Estados e Distrito Federal. Sobre o Sinan, assinale a afirmativa INCORRETA.",A) A entrada de dados ocorre pela utilização de formulários padronizados.,B) A ficha de notificação deve ser utilizada também para o registro de notificação negativa de casos.,C) É facultado aos Municípios e Estados incluir outros importantes problemas de saúde em sua região.,D) É alimentado unicamente pela notificação de doenças e agravos confirmados que constam da Lista Nacional de Doenças de Notificação Compulsória.,"E) Os recursos do Piso de Assistência Básica (PAB) serão suspensos, caso os munícipios não alimentem o banco de dados do Sinan por dois meses consecutivos.",D,enfermeiro,instituto-consulplan,concurso-publico-sespa-edital-01-2023,saude-coletiva,sistemas-de-informacao-em-saude-sinan-sim,2023,"A alternativa incorreta é a “d”: o Sinan é alimentado não apenas por casos confirmados, mas também por casos suspeitos das doenças e agravos de notificação compulsória, sendo incorreto restringir a alimentação apenas a casos confirmados.",Secretaria de Estado de Saúde Pública do Pará (SESPA),Enfermeiro,11,34,,,ACTIVE,banco-de-questoes-enfermagem,1.0
"Na formatação de um texto, deverá ser criada uma tabela no Word 2013 com 3 colunas e 5 linhas. Para realizar esta tarefa, é necessário clicar em:","A) “Formatar” e selecionar “Tabela”; em seguida, escolher “Desenhar Tabela”.","B) “Layout da Página” e selecionar “Tabela”; em seguida, escolher “Criar Tabela”.","C) “Design” e selecionar “Tabela de Conteúdo”; em seguida, escolher “Nova Tabela”.","D) “Tabela” e selecionar “Tabela de Conteúdo”; em seguida, escolher “Sumário Automático”.","E) “Inserir” e selecionar “Tabela”; em seguida, sobre a grade, escolher o número de colunas e linhas desejadas para criar a tabela.",E,enfermeiro,instituto-consulplan,concurso-publico-sespa-edital-01-2023,informatica,microsoft-word,2023,"No Word 2013, a inserção de tabelas é feita pela guia “Inserir”, opção “Tabela”, selecionando na grade o número de colunas e linhas desejado.",Secretaria de Estado de Saúde Pública do Pará (SESPA),Enfermeiro,6,17,,,ACTIVE,banco-de-questoes-enfermagem,1.0
